paranoid1,rand1,rand2,rand3
12.8499999046,0.0,0.0,0.0
10.1889998913,0.0,0.0,0.0
9.625,0.0,0.0,0.0
9.0640001297,0.0,0.0,0.0
7.50600004196,0.0,0.0,0.0
4.71199989319,0.0,0.0,0.0
3.82800006866,0.0,0.0,0.0
2.66699981689,0.0,0.0,0.0
1.7380001545,0.0,0.0,0.0
2.55999994278,0.0,0.0,0.0
0.0160000324249,0.0,0.0,0.0
0.0,0.0,0.0,0.0
0.0,0.0,0.0,0.0
12.3390002251,0.0,0.0,0.0
11.2829999924,0.0,0.0,0.0
9.17199993134,0.0,0.0,0.0
8.64100003242,0.0,0.0,0.0
7.59999990463,0.0,0.0,0.0
6.39800000191,0.0,0.0,0.0
3.64199995995,0.0,0.0,0.0
2.29600000381,0.0,0.0,0.0
1.75300002098,0.0,0.0,0.0
1.63199996948,0.0,0.0,0.0
0.0659999847412,0.0,0.0,0.0
0.00200009346008,0.0,0.0,0.0
0.0,0.0,0.0,0.0
10.6210000515,0.0,0.0,0.0
8.93899989128,0.0,0.0,0.0
8.59500002861,0.0,0.0,0.0
7.01600003242,0.0,0.0,0.0
5.4849998951,0.0,0.0,0.0
4.86899995804,0.0,0.0,0.0
3.9279999733,0.0,0.0,0.0
2.84400010109,0.0,0.0,0.0
1.57799983025,0.0,0.0,0.0
1.54700016975,0.0,0.0,0.0
0.0950000286102,0.0,0.0,0.0
0.000999927520752,0.0,0.0,0.0
0.0,0.0,0.0,0.0
13.3850002289,0.0,0.0,0.0
12.1809999943,0.0,0.0,0.0
6.99199986458,0.0,0.0,0.0
7.14400005341,0.0,0.0,0.0
7.57800006866,0.0,0.0,0.0
4.88800001144,0.0,0.0,0.0
3.70299983025,0.0,0.0,0.0
2.50100016594,0.0,0.0,0.0
1.82799983025,0.0,0.0,0.0
1.48400020599,0.0,0.0,0.0
0.0150001049042,0.0,0.0,0.0
0.0,0.0,0.0,0.0
0.0,0.0,0.0,0.0
9.30799984932,0.0,0.0,0.0
10.9049999714,0.0,0.0,0.0
11.6649999619,0.0,0.0,0.0
7.93799996376,0.0,0.0,0.0
9.42199993134,0.0,0.0,0.0
4.26600003242,0.0,0.0,0.0
3.76600003242,0.0,0.0,0.0
2.5150001049,0.0,0.0,0.0
1.51599979401,0.0,0.0,0.0
2.07800006866,0.0,0.0,0.0
0.0160000324249,0.0,0.0,0.0
0.0,0.0,0.0,0.0
0.0,0.0,0.0,0.0
13.0150001049,0.0,0.0,0.0
10.6259999275,0.0,0.0,0.0
8.07899999619,0.0,0.0,0.0
8.875,0.0,0.0,0.0
8.12599992752,0.0,0.0,0.0
4.23500013351,0.0,0.0,0.0
3.01600003242,0.0,0.0,0.0
2.68699979782,0.0,0.0,0.0
1.96900010109,0.0,0.0,0.0
2.03099989891,0.0,0.0,0.0
0.0789999961853,0.0,0.0,0.0
0.0,0.0,0.0,0.0
0.0,0.0,0.0,0.0
9.76699995995,0.0,0.0,0.0
7.5,0.0,0.0,0.0
9.37599992752,0.0,0.0,0.0
8.75100016594,0.0,0.0,0.0
7.3599998951,0.0,0.0,0.0
6.5,0.0,0.0,0.0
3.93799996376,0.0,0.0,0.0
2.43700003624,0.0,0.0,0.0
1.65700006485,0.0,0.0,0.0
1.70399999619,0.0,0.0,0.0
0.421999931335,0.0,0.0,0.0
0.0,0.0,0.0,0.0
0.0,0.0,0.0,0.0
8.68799996376,0.0,0.0,0.0
10.5980000496,0.0,0.0,0.0
8.89100003242,0.0,0.0,0.0
10.0789999962,0.0,0.0,0.0
6.5,0.0,0.0,0.0
4.15700006485,0.0,0.0,0.0
3.01600003242,0.0,0.0,0.0
2.01499986649,0.0,0.0,0.0
2.53100013733,0.0,0.0,0.0
1.90700006485,0.0,0.0,0.0
0.0160000324249,0.0,0.0,0.0
0.0,0.0,0.0,0.0
0.0,0.0,0.0,0.0
9.06399989128,0.0,0.0,0.0
8.94400000572,0.0,0.0,0.0
10.8440001011,0.0,0.0,0.0
9.78200006485,0.0,0.0,0.0
7.43799996376,0.0,0.0,0.0
5.45399999619,0.0,0.0,0.0
3.78099989891,0.0,0.0,0.0
2.89100003242,0.0,0.0,0.0
1.95300006866,0.0,0.0,0.0
0.25,0.0,0.0,0.0
0.405999898911,0.0,0.0,0.0
0.0160000324249,0.0,0.0,0.0
0.0,0.0,0.0,0.0
9.45399999619,0.0,0.0,0.0
11.9539999962,0.0,0.0,0.0
8.95399999619,0.0,0.0,0.0
9.32799983025,0.0,0.0,0.0
7.12600016594,0.0,0.0,0.0
4.67199993134,0.0,0.0,0.0
3.40700006485,0.0,0.0,0.0
2.76499986649,0.0,0.0,0.0
1.78100013733,0.0,0.0,0.0
0.984999895096,0.0,0.0,0.0
0.25,0.0,0.0,0.0
0.0,0.0,0.0,0.0
0.0,0.0,0.0,0.0
9.89099979401,0.0,0.0,0.0
11.0470001698,0.0,0.0,0.0
10.4539999962,0.0,0.0,0.0
9.13800001144,0.0,0.0,0.0
6.64100003242,0.0,0.0,0.0
5.20300006866,0.0,0.0,0.0
3.68799996376,0.0,0.0,0.0
2.78099989891,0.0,0.0,0.0
1.54700016975,0.0,0.0,0.0
1.73500013351,0.0,0.0,0.0
0.0309998989105,0.0,0.0,0.0
0.0,0.0,0.0,0.0
0.0,0.0,0.0,0.0
10.6719999313,0.0,0.0,0.0
12.5329999924,0.0,0.0,0.0
9.67199993134,0.0,0.0,0.0
8.8259999752,0.0,0.0,0.0
6.22000002861,0.0,0.0,0.0
4.20300006866,0.0,0.0,0.0
4.21899986267,0.0,0.0,0.0
2.40600013733,0.0,0.0,0.0
1.42199993134,0.0,0.0,0.0
0.75,0.0,0.0,0.0
0.125,0.0,0.0,0.0
0.0,0.0,0.0,0.0
0.0,0.0,0.0,0.0
9.56299996376,0.0,0.0,0.0
11.8450000286,0.0,0.0,0.0
9.67300009727,0.0,0.0,0.0
7.57800006866,0.0,0.0,0.0
7.45399999619,0.0,0.0,0.0
5.09399986267,0.0,0.0,0.0
3.45300006866,0.0,0.0,0.0
2.57800006866,0.0,0.0,0.0
1.76600003242,0.0,0.0,0.0
1.71899986267,0.0,0.0,0.0
0.0160000324249,0.0,0.0,0.0
0.0,0.0,0.0,0.0
0.0,0.0,0.0,0.0
10.1570000648,0.0,0.0,0.0
9.75,0.0,0.0,0.0
9.3599998951,0.0,0.0,0.0
8.42199993134,0.0,0.0,0.0
7.8599998951,0.0,0.0,0.0
4.90700006485,0.0,0.0,0.0
5.01600003242,0.0,0.0,0.0
3.7650001049,0.0,0.0,0.0
1.98500013351,0.0,0.0,0.0
1.70299983025,0.0,0.0,0.0
0.343999862671,0.0,0.0,0.0
0.0,0.0,0.0,0.0
0.0,0.0,0.0,0.0
10.765999794,0.0,0.0,0.0
12.4550001621,0.0,0.0,0.0
10.7349998951,0.0,0.0,0.0
8.00099992752,0.0,0.0,0.0
9.06299996376,0.0,0.0,0.0
6.45399999619,0.0,0.0,0.0
3.03100013733,0.0,0.0,0.0
2.92199993134,0.0,0.0,0.0
1.45300006866,0.0,0.0,0.0
2.5,0.0,0.0,0.0
0.625,0.0,0.0,0.0
0.0160000324249,0.0,0.0,0.0
0.0,0.0,0.0,0.0
13.0009999275,0.0,0.0,0.0
12.6099998951,0.0,0.0,0.0
9.9540002346,0.0,0.0,0.0
7.92299985886,0.0,0.0,0.0
6.28100013733,0.0,0.0,0.0
3.56300020218,0.0,0.0,0.0
4.21899986267,0.0,0.0,0.0
3.32800006866,0.0,0.0,0.0
1.625,0.0,0.0,0.0
2.17199993134,0.0,0.0,0.0
0.047000169754,0.0,0.0,0.0
0.0,0.0,0.0,0.0
0.0,0.0,0.0,0.0
12.8450000286,0.0,0.0,0.0
8.41200017929,0.0,0.0,0.0
9.82800006866,0.0,0.0,0.0
8.61800003052,0.0,0.0,0.0
6.47000002861,0.0,0.0,0.0
4.90599989891,0.0,0.0,0.0
3.73500013351,0.0,0.0,0.0
2.26499986649,0.0,0.0,0.0
1.54699993134,0.0,0.0,0.0
1.96900010109,0.0,0.0,0.0
0.0,0.0,0.0,0.0
0.0,0.0,0.0,0.0
0.0,0.0,0.0,0.0
10.8289999962,0.0,0.0,0.0
9.37599992752,0.0,0.0,0.0
12.0329999924,0.0,0.0,0.0
11.3439998627,0.0,0.0,0.0
7.81300020218,0.0,0.0,0.0
5.53199982643,0.0,0.0,0.0
4.07899999619,0.0,0.0,0.0
2.625,0.0,0.0,0.0
1.56200003624,0.0,0.0,0.0
0.68799996376,0.0,0.0,0.0
0.453000068665,0.0,0.0,0.0
0.0,0.0,0.0,0.0
0.0,0.0,0.0,0.0
11.0329999924,0.0,0.0,0.0
13.4390001297,0.0,0.0,0.0
9.64100003242,0.0,0.0,0.0
8.39100003242,0.0,0.0,0.0
7.32899999619,0.0,0.0,0.0
6.375,0.0,0.0,0.0
3.93699979782,0.0,0.0,0.0
2.82800006866,0.0,0.0,0.0
1.51600003242,0.0,0.0,0.0
1.875,0.0,0.0,0.0
0.5,0.0,0.0,0.0
0.0,0.0,0.0,0.0
0.0,0.0,0.0,0.0
11.6889998913,0.0,0.0,0.0
10.0160000324,0.0,0.0,0.0
10.1840000153,0.0,0.0,0.0
8.76600003242,0.0,0.0,0.0
7.4849998951,0.0,0.0,0.0
4.36000013351,0.0,0.0,0.0
3.56299996376,0.0,0.0,0.0
2.5,0.0,0.0,0.0
2.375,0.0,0.0,0.0
1.92200016975,0.0,0.0,0.0
0.453999996185,0.0,0.0,0.0
0.0,0.0,0.0,0.0
0.0,0.0,0.0,0.0
13.1879999638,0.0,0.0,0.0
11.5009999275,0.0,0.0,0.0
9.37600016594,0.0,0.0,0.0
8.14199995995,0.0,0.0,0.0
6.54700016975,0.0,0.0,0.0
3.90599989891,0.0,0.0,0.0
2.73500013351,0.0,0.0,0.0
2.2349998951,0.0,0.0,0.0
1.89099979401,0.0,0.0,0.0
1.625,0.0,0.0,0.0
0.0320000648499,0.0,0.0,0.0
0.0,0.0,0.0,0.0
0.0,0.0,0.0,0.0
11.8830001354,0.0,0.0,0.0
10.4240000248,0.0,0.0,0.0
9.51600003242,0.0,0.0,0.0
9.25,0.0,0.0,0.0
8.26699995995,0.0,0.0,0.0
5.0,0.0,0.0,0.0
4.40599989891,0.0,0.0,0.0
2.7349998951,0.0,0.0,0.0
1.70300006866,0.0,0.0,0.0
1.92199993134,0.0,0.0,0.0
0.0,0.0,0.0,0.0
0.0,0.0,0.0,0.0
0.0,0.0,0.0,0.0
12.8439998627,0.0,0.0,0.0
12.2200000286,0.0,0.0,0.0
10.506000042,0.0,0.0,0.0
8.82800006866,0.0,0.0,0.0
7.3599998951,0.0,0.0,0.0
5.06299996376,0.0,0.0,0.0
2.23500013351,0.0,0.0,0.0
2.375,0.0,0.0,0.0
1.56299996376,0.0,0.0,0.0
3.01600003242,0.0,0.0,0.0
0.0160000324249,0.0,0.0,0.0
0.0,0.0,0.0,0.0
0.0,0.0,0.0,0.0
11.9069998264,0.0,0.0,0.0
12.4070000648,0.0,0.0,0.0
8.87599992752,0.0,0.0,0.0
7.71900010109,0.0,0.0,0.0
7.31399989128,0.0,0.0,0.0
5.46900010109,0.0,0.0,0.0
4.95300006866,0.0,0.0,0.0
3.07899999619,0.0,0.0,0.0
1.82899999619,0.0,0.0,0.0
2.09400010109,0.0,0.0,0.0
0.0629999637604,0.0,0.0,0.0
0.0,0.0,0.0,0.0
0.0,0.0,0.0,0.0
13.9000000954,0.0,0.0,0.0
10.7039999962,0.0,0.0,0.0
10.8919999599,0.0,0.0,0.0
9.06300020218,0.0,0.0,0.0
8.1099998951,0.0,0.0,0.0
5.26600003242,0.0,0.0,0.0
3.39100003242,0.0,0.0,0.0
2.90599989891,0.0,0.0,0.0
2.26600003242,0.0,0.0,0.0
1.51599979401,0.0,0.0,0.0
0.297000169754,0.0,0.0,0.0
0.0,0.0,0.0,0.0
0.0,0.0,0.0,0.0
14.4700000286,0.0,0.0,0.0
10.6419999599,0.0,0.0,0.0
9.3599998951,0.0,0.0,0.0
8.61000013351,0.0,0.0,0.0
7.06300020218,0.0,0.0,0.0
4.43799996376,0.0,0.0,0.0
4.9849998951,0.0,0.0,0.0
2.18800020218,0.0,0.0,0.0
1.42199993134,0.0,0.0,0.0
1.9849998951,0.0,0.0,0.0
0.0,0.0,0.0,0.0
0.0,0.0,0.0,0.0
0.0,0.0,0.0,0.0
11.8289999962,0.0,0.0,0.0
8.18799996376,0.0,0.0,0.0
8.45300006866,0.0,0.0,0.0
8.00099992752,0.0,0.0,0.0
7.04699993134,0.0,0.0,0.0
5.09400010109,0.0,0.0,0.0
3.03199982643,0.0,0.0,0.0
2.37599992752,0.0,0.0,0.0
1.40400004387,0.0,0.0,0.0
2.37000012398,0.0,0.0,0.0
0.0,0.0,0.0,0.0
0.0,0.0,0.0,0.0
0.0,0.0,0.0,0.0
14.9069998264,0.0,0.0,0.0
11.6569998264,0.0,0.0,0.0
7.45399999619,0.0,0.0,0.0
7.70300006866,0.0,0.0,0.0
6.65700006485,0.0,0.0,0.0
4.92199993134,0.0,0.0,0.0
3.79700016975,0.0,0.0,0.0
2.31200003624,0.0,0.0,0.0
1.875,0.0,0.0,0.0
1.51600003242,0.0,0.0,0.0
0.0159997940063,0.0,0.0,0.0
0.0,0.0,0.0,0.0
0.0,0.0,0.0,0.0
13.0169999599,0.0,0.0,0.0
11.9379999638,0.0,0.0,0.0
10.8289999962,0.0,0.0,0.0
9.09500002861,0.0,0.0,0.0
7.67200016975,0.0,0.0,0.0
5.34399986267,0.0,0.0,0.0
2.93799996376,0.0,0.0,0.0
2.01600003242,0.0,0.0,0.0
2.11000013351,0.0,0.0,0.0
2.03099989891,0.0,0.0,0.0
0.0,0.0,0.0,0.0
0.0,0.0,0.0,0.0
0.0,0.0,0.0,0.0
13.7730000019,0.0,0.0,0.0
11.8599998951,0.0,0.0,0.0
10.5170001984,0.0,0.0,0.0
8.8599998951,0.0,0.0,0.0
6.25099992752,0.0,0.0,0.0
4.39100003242,0.0,0.0,0.0
3.65599989891,0.0,0.0,0.0
3.53200006485,0.0,0.0,0.0
1.40699982643,0.0,0.0,0.0
2.95300006866,0.0,0.0,0.0
0.0940001010895,0.0,0.0,0.0
0.0,0.0,0.0,0.0
0.0,0.0,0.0,0.0
13.1879999638,0.0,0.0,0.0
11.5950000286,0.0,0.0,0.0
9.67199993134,0.0,0.0,0.0
9.25099992752,0.0,0.0,0.0
7.92200016975,0.0,0.0,0.0
6.54799985886,0.0,0.0,0.0
3.23400020599,0.0,0.0,0.0
2.1099998951,0.0,0.0,0.0
1.5150001049,0.0,0.0,0.0
1.84400010109,0.0,0.0,0.0
0.0160000324249,0.0,0.0,0.0
0.0,0.0,0.0,0.0
0.0,0.0,0.0,0.0
9.26599979401,0.0,0.0,0.0
10.5950000286,0.0,0.0,0.0
10.1879999638,0.0,0.0,0.0
8.57899999619,0.0,0.0,0.0
7.375,0.0,0.0,0.0
4.67200016975,0.0,0.0,0.0
3.89100003242,0.0,0.0,0.0
2.625,0.0,0.0,0.0
1.34399986267,0.0,0.0,0.0
2.32800006866,0.0,0.0,0.0
0.0,0.0,0.0,0.0
0.0,0.0,0.0,0.0
0.0,0.0,0.0,0.0
9.17300009727,0.0,0.0,0.0
9.96999979019,0.0,0.0,0.0
7.81299996376,0.0,0.0,0.0
7.89100003242,0.0,0.0,0.0
7.2349998951,0.0,0.0,0.0
6.54700016975,0.0,0.0,0.0
4.07799983025,0.0,0.0,0.0
2.3900001049,0.0,0.0,0.0
1.54700016975,0.0,0.0,0.0
2.26600003242,0.0,0.0,0.0
0.0319998264313,0.0,0.0,0.0
0.0,0.0,0.0,0.0
0.0,0.0,0.0,0.0
13.9390001297,0.0,0.0,0.0
11.4219999313,0.0,0.0,0.0
8.95399999619,0.0,0.0,0.0
6.75099992752,0.0,0.0,0.0
6.12599992752,0.0,0.0,0.0
4.73399996758,0.0,0.0,0.0
3.42300009727,0.0,0.0,0.0
2.98399996758,0.0,0.0,0.0
2.375,0.0,0.0,0.0
1.56200003624,0.0,0.0,0.0
0.0160000324249,0.0,0.0,0.0
0.0,0.0,0.0,0.0
0.0,0.0,0.0,0.0
13.9379999638,0.0,0.0,0.0
11.9200000763,0.0,0.0,0.0
9.93799996376,0.0,0.0,0.0
7.62599992752,0.0,0.0,0.0
6.46900010109,0.0,0.0,0.0
4.03200006485,0.0,0.0,0.0
2.43699979782,0.0,0.0,0.0
2.75100016594,0.0,0.0,0.0
1.81200003624,0.0,0.0,0.0
1.64100003242,0.0,0.0,0.0
0.25,0.0,0.0,0.0
0.0,0.0,0.0,0.0
0.0,0.0,0.0,0.0
12.6879999638,0.0,0.0,0.0
9.42199993134,0.0,0.0,0.0
10.3450000286,0.0,0.0,0.0
8.03200006485,0.0,0.0,0.0
5.625,0.0,0.0,0.0
4.89100003242,0.0,0.0,0.0
3.6099998951,0.0,0.0,0.0
2.65600013733,0.0,0.0,0.0
2.15699982643,0.0,0.0,0.0
2.48500013351,0.0,0.0,0.0
0.0929999351501,0.0,0.0,0.0
0.0,0.0,0.0,0.0
0.0,0.0,0.0,0.0
12.3760001659,0.0,0.0,0.0
11.8759999275,0.0,0.0,0.0
9.53200006485,0.0,0.0,0.0
8.3599998951,0.0,0.0,0.0
7.40700006485,0.0,0.0,0.0
5.3599998951,0.0,0.0,0.0
3.60900020599,0.0,0.0,0.0
2.29699993134,0.0,0.0,0.0
1.84399986267,0.0,0.0,0.0
3.0,0.0,0.0,0.0
0.0320000648499,0.0,0.0,0.0
0.0,0.0,0.0,0.0
0.0,0.0,0.0,0.0
11.2820000648,0.0,0.0,0.0
11.8129999638,0.0,0.0,0.0
10.2349998951,0.0,0.0,0.0
7.7040002346,0.0,0.0,0.0
7.875,0.0,0.0,0.0
6.21999979019,0.0,0.0,0.0
4.23399996758,0.0,0.0,0.0
2.46900010109,0.0,0.0,0.0
1.6099998951,0.0,0.0,0.0
1.75,0.0,0.0,0.0
0.25,0.0,0.0,0.0
0.0,0.0,0.0,0.0
0.0,0.0,0.0,0.0
8.6099998951,0.0,0.0,0.0
8.90700006485,0.0,0.0,0.0
9.97799992561,0.0,0.0,0.0
9.07899999619,0.0,0.0,0.0
6.79699993134,0.0,0.0,0.0
4.625,0.0,0.0,0.0
3.82899999619,0.0,0.0,0.0
2.57800006866,0.0,0.0,0.0
2.06299996376,0.0,0.0,0.0
1.9849998951,0.0,0.0,0.0
0.265999794006,0.0,0.0,0.0
0.0,0.0,0.0,0.0
0.0,0.0,0.0,0.0
11.9689998627,0.0,0.0,0.0
10.4230000973,0.0,0.0,0.0
8.875,0.0,0.0,0.0
8.98600006104,0.0,0.0,0.0
9.14099979401,0.0,0.0,0.0
4.61000013351,0.0,0.0,0.0
2.76600003242,0.0,0.0,0.0
1.65599989891,0.0,0.0,0.0
1.85899996758,0.0,0.0,0.0
2.03200006485,0.0,0.0,0.0
0.0,0.0,0.0,0.0
0.0,0.0,0.0,0.0
0.0,0.0,0.0,0.0
11.4230000973,0.0,0.0,0.0
9.6099998951,0.0,0.0,0.0
9.15700006485,0.0,0.0,0.0
6.57800006866,0.0,0.0,0.0
6.1099998951,0.0,0.0,0.0
4.79700016975,0.0,0.0,0.0
2.73400020599,0.0,0.0,0.0
1.9849998951,0.0,0.0,0.0
2.53099989891,0.0,0.0,0.0
2.02900004387,0.0,0.0,0.0
0.156000137329,0.0,0.0,0.0
0.0,0.0,0.0,0.0
0.0,0.0,0.0,0.0
9.07899999619,0.0,0.0,0.0
10.7139999866,0.0,0.0,0.0
9.34400010109,0.0,0.0,0.0
9.59500002861,0.0,0.0,0.0
7.57799983025,0.0,0.0,0.0
4.62600016594,0.0,0.0,0.0
3.01499986649,0.0,0.0,0.0
2.48500013351,0.0,0.0,0.0
1.60899996758,0.0,0.0,0.0
1.82799983025,0.0,0.0,0.0
0.0310001373291,0.0,0.0,0.0
0.0,0.0,0.0,0.0
0.0,0.0,0.0,0.0
11.4849998951,0.0,0.0,0.0
11.1260001659,0.0,0.0,0.0
9.37599992752,0.0,0.0,0.0
7.8789999485,0.0,0.0,0.0
8.26699995995,0.0,0.0,0.0
5.51600003242,0.0,0.0,0.0
3.39100003242,0.0,0.0,0.0
2.84299993515,0.0,0.0,0.0
1.95399999619,0.0,0.0,0.0
1.59400010109,0.0,0.0,0.0
0.375,0.0,0.0,0.0
0.0,0.0,0.0,0.0
0.0,0.0,0.0,0.0
9.07899999619,0.0,0.0,0.0
9.625,0.0,0.0,0.0
9.25099992752,0.0,0.0,0.0
8.77300000191,0.0,0.0,0.0
7.71899986267,0.0,0.0,0.0
4.23600006104,0.0,0.0,0.0
3.79700016975,0.0,0.0,0.0
3.07899999619,0.0,0.0,0.0
2.26599979401,0.0,0.0,0.0
1.95300006866,0.0,0.0,0.0
0.18799996376,0.0,0.0,0.0
0.0,0.0,0.0,0.0
0.0,0.0,0.0,0.0
9.43800020218,0.0,0.0,0.0
10.265999794,0.0,0.0,0.0
10.0789999962,0.0,0.0,0.0
8.93799996376,0.0,0.0,0.0
7.40700006485,0.0,0.0,0.0
4.03100013733,0.0,0.0,0.0
2.92199993134,0.0,0.0,0.0
2.62599992752,0.0,0.0,0.0
2.18799996376,0.0,0.0,0.0
2.56200003624,0.0,0.0,0.0
0.391000032425,0.0,0.0,0.0
0.0149998664856,0.0,0.0,0.0
0.0,0.0,0.0,0.0
9.875,0.0,0.0,0.0
9.95399999619,0.0,0.0,0.0
7.92300009727,0.0,0.0,0.0
7.43799996376,0.0,0.0,0.0
6.92300009727,0.0,0.0,0.0
5.0,0.0,0.0,0.0
2.96900010109,0.0,0.0,0.0
2.98400020599,0.0,0.0,0.0
2.5,0.0,0.0,0.0
2.20300006866,0.0,0.0,0.0
0.0,0.0,0.0,0.0
0.0,0.0,0.0,0.0
0.0,0.0,0.0,0.0
12.486000061,0.0,0.0,0.0
11.5160000324,0.0,0.0,0.0
9.59500002861,0.0,0.0,0.0
7.98500013351,0.0,0.0,0.0
7.39099979401,0.0,0.0,0.0
4.53200006485,0.0,0.0,0.0
3.39100003242,0.0,0.0,0.0
2.32800006866,0.0,0.0,0.0
2.875,0.0,0.0,0.0
1.57800006866,0.0,0.0,0.0
0.281000137329,0.0,0.0,0.0
0.0,0.0,0.0,0.0
0.0,0.0,0.0,0.0
12.3600001335,0.0,0.0,0.0
10.4219999313,0.0,0.0,0.0
9.50099992752,0.0,0.0,0.0
7.75600004196,0.0,0.0,0.0
7.14100003242,0.0,0.0,0.0
4.67299985886,0.0,0.0,0.0
2.75,0.0,0.0,0.0
2.29700016975,0.0,0.0,0.0
1.70399999619,0.0,0.0,0.0
2.01600003242,0.0,0.0,0.0
0.18799996376,0.0,0.0,0.0
0.0,0.0,0.0,0.0
0.0,0.0,0.0,0.0
12.2819998264,0.0,0.0,0.0
8.62600016594,0.0,0.0,0.0
9.96899986267,0.0,0.0,0.0
9.01600003242,0.0,0.0,0.0
7.81299996376,0.0,0.0,0.0
4.47000002861,0.0,0.0,0.0
3.46900010109,0.0,0.0,0.0
2.625,0.0,0.0,0.0
2.32899999619,0.0,0.0,0.0
2.43799996376,0.0,0.0,0.0
0.0780000686646,0.0,0.0,0.0
0.0,0.0,0.0,0.0
0.0,0.0,0.0,0.0
10.1569998264,0.0,0.0,0.0
10.1879999638,0.0,0.0,0.0
9.5790002346,0.0,0.0,0.0
9.20999979973,0.0,0.0,0.0
6.98500013351,0.0,0.0,0.0
5.21599984169,0.0,0.0,0.0
3.5,0.0,0.0,0.0
2.64100003242,0.0,0.0,0.0
1.78200006485,0.0,0.0,0.0
1.64100003242,0.0,0.0,0.0
0.0469999313354,0.0,0.0,0.0
0.0,0.0,0.0,0.0
0.0,0.0,0.0,0.0
9.67300009727,0.0,0.0,0.0
11.7819998264,0.0,0.0,0.0
10.0170001984,0.0,0.0,0.0
8.09599995613,0.0,0.0,0.0
7.3599998951,0.0,0.0,0.0
5.28200006485,0.0,0.0,0.0
3.34400010109,0.0,0.0,0.0
2.38999986649,0.0,0.0,0.0
1.95399999619,0.0,0.0,0.0
1.81299996376,0.0,0.0,0.0
0.0,0.0,0.0,0.0
0.0160000324249,0.0,0.0,0.0
0.0,0.0,0.0,0.0
9.25,0.0,0.0,0.0
13.3760001659,0.0,0.0,0.0
9.89100003242,0.0,0.0,0.0
6.76600003242,0.0,0.0,0.0
6.82899999619,0.0,0.0,0.0
4.31200003624,0.0,0.0,0.0
3.86000013351,0.0,0.0,0.0
2.96899986267,0.0,0.0,0.0
1.84400010109,0.0,0.0,0.0
2.07799983025,0.0,0.0,0.0
0.0629999637604,0.0,0.0,0.0
0.0,0.0,0.0,0.0
0.0,0.0,0.0,0.0
9.31299996376,0.0,0.0,0.0
7.57800006866,0.0,0.0,0.0
10.4230000973,0.0,0.0,0.0
8.75099992752,0.0,0.0,0.0
5.93799996376,0.0,0.0,0.0
6.78099989891,0.0,0.0,0.0
6.53199982643,0.0,0.0,0.0
3.86000013351,0.0,0.0,0.0
1.40599989891,0.0,0.0,0.0
0.421999931335,0.0,0.0,0.0
0.421999931335,0.0,0.0,0.0
0.0,0.0,0.0,0.0
0.0,0.0,0.0,0.0
10.6260001659,0.0,0.0,0.0
12.5629999638,0.0,0.0,0.0
11.0009999275,0.0,0.0,0.0
9.70399999619,0.0,0.0,0.0
7.625,0.0,0.0,0.0
3.96900010109,0.0,0.0,0.0
3.82899999619,0.0,0.0,0.0
2.45299983025,0.0,0.0,0.0
1.60899996758,0.0,0.0,0.0
1.61000013351,0.0,0.0,0.0
0.047000169754,0.0,0.0,0.0
0.0,0.0,0.0,0.0
0.0,0.0,0.0,0.0
12.5169999599,0.0,0.0,0.0
10.3450000286,0.0,0.0,0.0
8.09399986267,0.0,0.0,0.0
8.18799996376,0.0,0.0,0.0
6.90700006485,0.0,0.0,0.0
4.93799996376,0.0,0.0,0.0
3.45300006866,0.0,0.0,0.0
2.46899986267,0.0,0.0,0.0
1.73399996758,0.0,0.0,0.0
1.45300006866,0.0,0.0,0.0
0.0149998664856,0.0,0.0,0.0
0.0,0.0,0.0,0.0
0.0,0.0,0.0,0.0
9.24399995804,0.0,0.0,0.0
10.8289999962,0.0,0.0,0.0
10.1259999275,0.0,0.0,0.0
8.34500002861,0.0,0.0,0.0
7.625,0.0,0.0,0.0
5.37599992752,0.0,0.0,0.0
4.15499997139,0.0,0.0,0.0
2.84899997711,0.0,0.0,0.0
1.54699993134,0.0,0.0,0.0
1.98399996758,0.0,0.0,0.0
0.0160000324249,0.0,0.0,0.0
0.0,0.0,0.0,0.0
0.0,0.0,0.0,0.0
13.1259999275,0.0,0.0,0.0
10.2350001335,0.0,0.0,0.0
8.53199982643,0.0,0.0,0.0
7.43799996376,0.0,0.0,0.0
6.67200016975,0.0,0.0,0.0
5.90699982643,0.0,0.0,0.0
2.96900010109,0.0,0.0,0.0
1.82800006866,0.0,0.0,0.0
1.56299996376,0.0,0.0,0.0
2.60899996758,0.0,0.0,0.0
0.453000068665,0.0,0.0,0.0
0.0,0.0,0.0,0.0
0.0,0.0,0.0,0.0
11.1419999599,0.0,0.0,0.0
10.7039999962,0.0,0.0,0.0
12.1570000648,0.0,0.0,0.0
8.20399999619,0.0,0.0,0.0
7.7349998951,0.0,0.0,0.0
4.29700016975,0.0,0.0,0.0
3.28099989891,0.0,0.0,0.0
2.17199993134,0.0,0.0,0.0
1.68700003624,0.0,0.0,0.0
2.40700006485,0.0,0.0,0.0
0.0319998264313,0.0,0.0,0.0
0.0,0.0,0.0,0.0
0.0,0.0,0.0,0.0
9.42199993134,0.0,0.0,0.0
10.7039999962,0.0,0.0,0.0
9.00099992752,0.0,0.0,0.0
8.61000013351,0.0,0.0,0.0
7.75,0.0,0.0,0.0
3.90699982643,0.0,0.0,0.0
2.76600003242,0.0,0.0,0.0
2.0150001049,0.0,0.0,0.0
1.45299983025,0.0,0.0,0.0
1.59400010109,0.0,0.0,0.0
0.5,0.0,0.0,0.0
0.0,0.0,0.0,0.0
0.0,0.0,0.0,0.0
11.236000061,0.0,0.0,0.0
11.2189998627,0.0,0.0,0.0
8.12599992752,0.0,0.0,0.0
5.54700016975,0.0,0.0,0.0
7.92199993134,0.0,0.0,0.0
4.97600007057,0.0,0.0,0.0
2.90199995041,0.0,0.0,0.0
2.75,0.0,0.0,0.0
2.625,0.0,0.0,0.0
1.45300006866,0.0,0.0,0.0
0.18799996376,0.0,0.0,0.0
0.0160000324249,0.0,0.0,0.0
0.0,0.0,0.0,0.0
11.7359998226,0.0,0.0,0.0
13.9380002022,0.0,0.0,0.0
10.0629999638,0.0,0.0,0.0
8.92199993134,0.0,0.0,0.0
7.70300006866,0.0,0.0,0.0
3.78200006485,0.0,0.0,0.0
3.31299996376,0.0,0.0,0.0
2.40599989891,0.0,0.0,0.0
1.625,0.0,0.0,0.0
2.36000013351,0.0,0.0,0.0
0.0159997940063,0.0,0.0,0.0
0.0,0.0,0.0,0.0
0.0,0.0,0.0,0.0
11.9219999313,0.0,0.0,0.0
9.81299996376,0.0,0.0,0.0
9.37599992752,0.0,0.0,0.0
8.125,0.0,0.0,0.0
6.71900010109,0.0,0.0,0.0
4.09500002861,0.0,0.0,0.0
3.21899986267,0.0,0.0,0.0
2.2650001049,0.0,0.0,0.0
2.09400010109,0.0,0.0,0.0
1.64100003242,0.0,0.0,0.0
0.0,0.0,0.0,0.0
0.0,0.0,0.0,0.0
0.0,0.0,0.0,0.0
12.7509999275,0.0,0.0,0.0
11.3600001335,0.0,0.0,0.0
10.7999999523,0.0,0.0,0.0
8.93799996376,0.0,0.0,0.0
6.32899999619,0.0,0.0,0.0
4.86000013351,0.0,0.0,0.0
3.89099979401,0.0,0.0,0.0
1.875,0.0,0.0,0.0
1.57800006866,0.0,0.0,0.0
2.59400010109,0.0,0.0,0.0
0.0309998989105,0.0,0.0,0.0
0.0,0.0,0.0,0.0
0.0,0.0,0.0,0.0
10.5469999313,0.0,0.0,0.0
10.5169999599,0.0,0.0,0.0
11.3910000324,0.0,0.0,0.0
8.26699995995,0.0,0.0,0.0
7.20399999619,0.0,0.0,0.0
5.96900010109,0.0,0.0,0.0
3.07800006866,0.0,0.0,0.0
2.15699982643,0.0,0.0,0.0
1.625,0.0,0.0,0.0
1.54700016975,0.0,0.0,0.0
0.235000133514,0.0,0.0,0.0
0.0,0.0,0.0,0.0
0.0,0.0,0.0,0.0
9.3599998951,0.0,0.0,0.0
9.51699995995,0.0,0.0,0.0
9.25,0.0160000324249,0.0,0.0
8.56299996376,0.0,0.0,0.0
7.29800009727,0.0,0.0,0.0
4.29699993134,0.0,0.0,0.0
3.60899996758,0.0,0.0,0.0
2.56299996376,0.0,0.0,0.0
1.98399996758,0.0,0.0,0.0
1.64100003242,0.0,0.0,0.0
0.156000137329,0.0,0.0,0.0
0.0,0.0,0.0,0.0
0.0,0.0,0.0,0.0
12.9539999962,0.0,0.0,0.0
12.5480000973,0.0,0.0,0.0
8.56299996376,0.0,0.0,0.0
7.52999997139,0.0,0.0,0.0
8.2349998951,0.0,0.0,0.0
3.98500013351,0.0,0.0,0.0
3.34399986267,0.0,0.0,0.0
1.96900010109,0.0,0.0,0.0
1.88999986649,0.0,0.0,0.0
2.04700016975,0.0,0.0,0.0
0.235000133514,0.0,0.0,0.0
0.0149998664856,0.0,0.0,0.0
0.0,0.0,0.0,0.0
12.2200000286,0.0,0.0,0.0
10.486000061,0.0,0.0,0.0
9.882999897,0.0,0.0,0.0
8.9849998951,0.0,0.0,0.0
7.68799996376,0.0,0.0,0.0
5.14100003242,0.0,0.0,0.0
3.04799985886,0.0,0.0,0.0
1.92199993134,0.0,0.0,0.0
3.29699993134,0.0,0.0,0.0
3.04699993134,0.0,0.0,0.0
0.323999881744,0.0,0.0,0.0
0.0,0.0,0.0,0.0
0.0,0.0,0.0,0.0
8.64100003242,0.0,0.0,0.0
12.3760001659,0.0,0.0,0.0
10.9219999313,0.0,0.0,0.0
7.72000002861,0.0,0.0,0.0
6.625,0.0,0.0,0.0
4.75099992752,0.0,0.0,0.0
3.89100003242,0.0,0.0,0.0
3.95300006866,0.0,0.0,0.0
1.73399996758,0.0,0.0,0.0
1.57899999619,0.0,0.0,0.0
0.0939998626709,0.0,0.0,0.0
0.0,0.0,0.0,0.0
0.0,0.0,0.0,0.0
9.43899989128,0.0,0.0,0.0
12.0510001183,0.0,0.0,0.0
7.31299996376,0.0,0.0,0.0
8.1099998951,0.0,0.0,0.0
6.21900010109,0.0,0.0,0.0
4.07799983025,0.0,0.0,0.0
3.31300020218,0.0,0.0,0.0
3.15599989891,0.0,0.0,0.0
2.5,0.0,0.0,0.0
2.19400000572,0.0,0.0,0.0
0.0,0.0,0.0,0.0
0.0,0.0,0.0,0.0
0.0,0.0,0.0,0.0
14.0480000973,0.0,0.0,0.0
12.1729998589,0.0,0.0,0.0
10.5,0.0,0.0,0.0
8.37600016594,0.0,0.0,0.0
6.65699982643,0.0,0.0,0.0
5.53100013733,0.0,0.0,0.0
4.17299985886,0.0,0.0,0.0
2.46899986267,0.0,0.0,0.0
2.32500004768,0.0,0.0,0.0
2.25,0.0,0.0,0.0
0.218999862671,0.0,0.0,0.0
0.0,0.0,0.0,0.0
0.0,0.0,0.0,0.0
9.20300006866,0.0,0.0,0.0
10.7820000648,0.0,0.0,0.0
9.01599979401,0.0,0.0,0.0
8.8140001297,0.0,0.0,0.0
7.06300020218,0.0,0.0,0.0
4.75099992752,0.0,0.0,0.0
3.25,0.0,0.0,0.0
2.15599989891,0.0,0.0,0.0
1.65600013733,0.0,0.0,0.0
1.96900010109,0.0,0.0,0.0
0.0150001049042,0.0,0.0,0.0
0.0,0.0,0.0,0.0
0.0,0.0,0.0,0.0
12.1260001659,0.0,0.0,0.0
10.8289999962,0.0,0.0,0.0
9.54700016975,0.0,0.0,0.0
8.79799985886,0.0,0.0,0.0
7.34400010109,0.0,0.0,0.0
4.59399986267,0.0,0.0,0.0
2.98500013351,0.0,0.0,0.0
2.29699993134,0.0,0.0,0.0
1.59400010109,0.0,0.0,0.0
2.375,0.0,0.0,0.0
0.0150001049042,0.0,0.0,0.0
0.0,0.0,0.0,0.0
0.0,0.0,0.0,0.0
13.861000061,0.0,0.0,0.0
10.9219999313,0.0,0.0,0.0
10.9750001431,0.0,0.0,0.0
9.01699995995,0.0,0.0,0.0
7.21899986267,0.0,0.0,0.0
5.04700016975,0.0,0.0,0.0
3.21300005913,0.0,0.0,0.0
2.17499995232,0.0,0.0,0.0
1.95300006866,0.0,0.0,0.0
1.40599989891,0.0,0.0,0.0
0.0469999313354,0.0,0.0,0.0
0.0,0.0,0.0,0.0
0.0,0.0,0.0,0.0
9.68799996376,0.0,0.0,0.0
12.5789999962,0.0,0.0,0.0
8.96899986267,0.0,0.0,0.0
8.81300020218,0.0,0.0,0.0
7.7349998951,0.0,0.0,0.0
4.06299996376,0.0,0.0,0.0
3.25,0.0,0.0,0.0
2.67199993134,0.0,0.0,0.0
2.09400010109,0.0,0.0,0.0
1.92200016975,0.0,0.0,0.0
0.468999862671,0.0,0.0,0.0
0.0,0.0,0.0,0.0
0.0,0.0,0.0,0.0
12.9230000973,0.0,0.0,0.0
10.0950000286,0.0,0.0,0.0
10.9539999962,0.0,0.0,0.0
9.29699993134,0.0,0.0,0.0
8.09399986267,0.0,0.0,0.0
4.64100003242,0.0,0.0,0.0
3.40700006485,0.0,0.0,0.0
3.375,0.0,0.0,0.0
1.65599989891,0.0,0.0,0.0
1.54699993134,0.0,0.0,0.0
0.0,0.0,0.0,0.0
0.0,0.0,0.0,0.0
0.0,0.0,0.0,0.0
9.04699993134,0.0,0.0,0.0
10.3289999962,0.0,0.0,0.0
9.5640001297,0.0,0.0,0.0
8.45300006866,0.0,0.0,0.0
7.65700006485,0.0,0.0,0.0
5.46900010109,0.0,0.0,0.0
3.51600003242,0.0,0.0,0.0
2.04700016975,0.0,0.0,0.0
1.93799996376,0.0,0.0,0.0
1.73399996758,0.0,0.0,0.0
0.280999898911,0.0,0.0,0.0
0.0,0.0,0.0,0.0
0.0,0.0,0.0,0.0
9.29699993134,0.0,0.0,0.0
9.90700006485,0.0,0.0,0.0
10.1570000648,0.0,0.0,0.0
8.46899986267,0.0,0.0,0.0
7.32899999619,0.0,0.0,0.0
4.79700016975,0.0,0.0,0.0
3.95399999619,0.0,0.0,0.0
2.89100003242,0.0,0.0,0.0
2.125,0.0,0.0,0.0
1.92199993134,0.0,0.0,0.0
0.0620000362396,0.0,0.0,0.0
0.0,0.0,0.0,0.0
0.0,0.0,0.0,0.0
11.9379999638,0.0,0.0,0.0
10.5720000267,0.0,0.0,0.0
9.71900010109,0.0,0.0,0.0
9.39199995995,0.0,0.0,0.0
7.95300006866,0.0,0.0,0.0
4.53200006485,0.0,0.0,0.0
3.54699993134,0.0,0.0,0.0
3.0,0.0,0.0,0.0
1.85899996758,0.0,0.0,0.0
1.75,0.0,0.0,0.0
0.155999898911,0.0,0.0,0.0
0.0,0.0,0.0,0.0
0.0,0.0,0.0,0.0
13.7509999275,0.0,0.0,0.0
13.6890001297,0.0,0.0,0.0
8.25,0.0,0.0,0.0
6.78199982643,0.0,0.0,0.0
7.18800020218,0.0,0.0,0.0
5.42200016975,0.0,0.0,0.0
3.875,0.0,0.0,0.0
2.28099989891,0.0,0.0,0.0
1.48399996758,0.0,0.0,0.0
0.655999898911,0.0,0.0,0.0
0.0150001049042,0.0,0.0,0.0
0.0,0.0,0.0,0.0
0.0,0.0,0.0,0.0
9.37599992752,0.0,0.0,0.0
10.2970001698,0.0,0.0,0.0
8.71900010109,0.0,0.0,0.0
7.8599998951,0.0,0.0,0.0
7.34500002861,0.0,0.0,0.0
4.84400010109,0.0,0.0,0.0
3.32899999619,0.0,0.0,0.0
1.9849998951,0.0,0.0,0.0
1.76600003242,0.0,0.0,0.0
0.702999830246,0.0,0.0,0.0
0.0,0.0,0.0,0.0
0.0,0.0,0.0,0.0
0.0,0.0,0.0,0.0
9.75100016594,0.0,0.0,0.0
11.2980000973,0.0,0.0,0.0
9.29699993134,0.0,0.0,0.0
7.31299996376,0.0,0.0,0.0
7.82899999619,0.0,0.0,0.0
4.84400010109,0.0,0.0,0.0
3.86000013351,0.0,0.0,0.0
2.50199985504,0.0,0.0,0.0
2.125,0.0,0.0,0.0
2.1099998951,0.0,0.0,0.0
0.0150001049042,0.0,0.0,0.0
0.0,0.0,0.0,0.0
0.0,0.0,0.0,0.0
12.861000061,0.0,0.0,0.0
9.06299996376,0.0,0.0,0.0
8.89100003242,0.0,0.0,0.0
7.71300005913,0.0,0.0,0.0
6.97000002861,0.0,0.0,0.0
4.75,0.0,0.0,0.0
2.89099979401,0.0,0.0,0.0
3.0,0.0,0.0,0.0
1.86000013351,0.0,0.0,0.0
2.48500013351,0.0,0.0,0.0
0.0,0.0,0.0,0.0
0.0,0.0,0.0,0.0
0.0,0.0,0.0,0.0
9.50099992752,0.0,0.0,0.0
9.92199993134,0.0,0.0,0.0
8.98500013351,0.0,0.0,0.0
8.45399999619,0.0,0.0,0.0
6.92199993134,0.0,0.0,0.0
4.96900010109,0.0,0.0,0.0
3.89100003242,0.0,0.0,0.0
3.64099979401,0.0,0.0,0.0
2.0,0.0,0.0,0.0
2.09399986267,0.0,0.0,0.0
0.0620000362396,0.0,0.0,0.0
0.0,0.0,0.0,0.0
0.0,0.0,0.0,0.0
10.8289999962,0.0,0.0,0.0
12.3139998913,0.0,0.0,0.0
10.5320000648,0.0,0.0,0.0
8.81299996376,0.0,0.0,0.0
7.06300020218,0.0,0.0,0.0
4.78199982643,0.0,0.0,0.0
3.10899996758,0.0,0.0,0.0
2.06300020218,0.0,0.0,0.0
1.96899986267,0.0,0.0,0.0
2.18799996376,0.0,0.0,0.0
0.391000032425,0.0,0.0,0.0
0.0,0.0,0.0,0.0
0.0,0.0,0.0,0.0
10.9389998913,0.0150001049042,0.0,0.0
10.5169999599,0.0,0.0,0.0
9.375,0.0,0.0,0.0
7.97000002861,0.0,0.0,0.0
7.53200006485,0.0,0.0,0.0
5.42199993134,0.0,0.0,0.0
3.625,0.0,0.0,0.0
2.25,0.0,0.0,0.0
1.68799996376,0.0,0.0,0.0
2.125,0.0,0.0,0.0
0.358999967575,0.0,0.0,0.0
0.0,0.0,0.0,0.0
0.0,0.0,0.0,0.0
11.75,0.0,0.0,0.0
11.2200000286,0.0,0.0,0.0
10.1729998589,0.0,0.0,0.0
8.32800006866,0.0,0.0,0.0
8.06399989128,0.0,0.0,0.0
4.06200003624,0.0,0.0,0.0
3.70399999619,0.0,0.0,0.0
1.76600003242,0.0,0.0,0.0
1.5,0.0,0.0,0.0
1.84399986267,0.0,0.0,0.0
0.0620000362396,0.0,0.0,0.0
0.0,0.0,0.0,0.0
0.0,0.0,0.0,0.0
8.70399999619,0.0,0.0,0.0
10.8600001335,0.0,0.0,0.0
9.12599992752,0.0,0.0,0.0
7.64100003242,0.0,0.0,0.0
6.375,0.0,0.0,0.0
4.21899986267,0.0,0.0,0.0
4.07899999619,0.0,0.0,0.0
2.43800020218,0.0,0.0,0.0
1.81199979782,0.0,0.0,0.0
1.53100013733,0.0,0.0,0.0
0.608999967575,0.0,0.0,0.0
0.0,0.0,0.0,0.0
0.0,0.0,0.0,0.0
10.7039999962,0.0,0.0,0.0
10.1570000648,0.0,0.0,0.0
10.7619998455,0.0,0.0,0.0
8.92300009727,0.0,0.0,0.0
7.21899986267,0.0,0.0,0.0
3.75,0.0,0.0,0.0
3.51600003242,0.0,0.0,0.0
2.40600013733,0.0,0.0,0.0
1.67200016975,0.0,0.0,0.0
2.26600003242,0.0,0.0,0.0
0.640999794006,0.0,0.0,0.0
0.0,0.0,0.0,0.0
0.0,0.0,0.0,0.0
9.21899986267,0.0,0.0,0.0
8.48500013351,0.0,0.0,0.0
9.4849998951,0.0,0.0,0.0
8.40400004387,0.0,0.0,0.0
5.89100003242,0.0,0.0,0.0
3.68799996376,0.0,0.0,0.0
4.95299983025,0.0,0.0,0.0
2.28099989891,0.0,0.0,0.0
1.32899999619,0.0,0.0,0.0
1.625,0.0,0.0,0.0
0.234999895096,0.0,0.0,0.0
0.0,0.0,0.0,0.0
0.0,0.0,0.0,0.0
11.5320000648,0.0,0.0,0.0
11.4069998264,0.0,0.0,0.0
11.0010001659,0.0,0.0,0.0
7.75099992752,0.0,0.0,0.0
6.76600003242,0.0,0.0,0.0
4.79699993134,0.0,0.0,0.0
5.09400010109,0.0,0.0,0.0
2.76600003242,0.0,0.0,0.0
1.43700003624,0.0,0.0,0.0
1.0,0.0,0.0,0.0
0.516000032425,0.0,0.0,0.0
0.0,0.0,0.0,0.0
0.0,0.0,0.0,0.0
8.78200006485,0.0,0.0,0.0
12.2979998589,0.0,0.0,0.0
10.3760001659,0.0,0.0,0.0
8.65699982643,0.0,0.0,0.0
7.57899999619,0.0,0.0,0.0
4.9849998951,0.0,0.0,0.0
5.06300020218,0.0,0.0,0.0
1.95300006866,0.0,0.0,0.0
1.56299996376,0.0,0.0,0.0
1.875,0.0,0.0,0.0
0.0629999637604,0.0,0.0,0.0
0.0,0.0,0.0,0.0
0.0,0.0,0.0,0.0
9.20399999619,0.0,0.0,0.0
11.2510001659,0.0,0.0149998664856,0.0
9.64099979401,0.0,0.0,0.0
7.40700006485,0.0,0.0,0.0
7.53200006485,0.0,0.0,0.0
4.84399986267,0.0,0.0,0.0
3.45300006866,0.0,0.0,0.0
2.93700003624,0.0,0.0,0.0
1.68799996376,0.0,0.0,0.0
2.59400010109,0.0,0.0,0.0
0.0150001049042,0.0,0.0,0.0
0.0,0.0,0.0,0.0
0.0,0.0,0.0,0.0
8.81299996376,0.0,0.0,0.0
11.125,0.0,0.0,0.0
10.6889998913,0.0,0.0,0.0
9.06299996376,0.0,0.0,0.0
6.56299996376,0.0,0.0,0.0
5.31299996376,0.0,0.0,0.0
3.90599989891,0.0,0.0,0.0
2.01600003242,0.0,0.0,0.0
1.48399996758,0.0,0.0,0.0
2.46900010109,0.0,0.0,0.0
0.108999967575,0.0,0.0,0.0
0.0,0.0,0.0,0.0
0.0,0.0,0.0,0.0
11.8600001335,0.0,0.0,0.0
8.71899986267,0.0,0.0,0.0
9.28200006485,0.0,0.0,0.0
8.56299996376,0.0,0.0,0.0
7.20399999619,0.0,0.0,0.0
4.92200016975,0.0,0.0,0.0
4.34399986267,0.0,0.0,0.0
2.0,0.0,0.0,0.0
2.14100003242,0.0,0.0,0.0
3.32800006866,0.0,0.0,0.0
0.390000104904,0.0,0.0,0.0
0.0,0.0,0.0,0.0
0.0,0.0,0.0,0.0
9.70399999619,0.0,0.0,0.0
15.1419999599,0.0,0.0,0.0
11.3759999275,0.0,0.0,0.0
8.3599998951,0.0,0.0,0.0
6.04699993134,0.0,0.0,0.0
5.20399999619,0.0,0.0,0.0
4.09400010109,0.0,0.0,0.0
2.75,0.0,0.0,0.0
2.28099989891,0.0,0.0,0.0
1.68799996376,0.0,0.0,0.0
0.296999931335,0.0,0.0,0.0
0.0,0.0,0.0,0.0
0.0,0.0,0.0,0.0
10.2220001221,0.0,0.0,0.0
9.96999979019,0.0,0.0,0.0
10.2650001049,0.0,0.0,0.0
7.71900010109,0.0,0.0,0.0
6.7349998951,0.0,0.0,0.0
5.45399999619,0.0,0.0,0.0
3.84400010109,0.0,0.0,0.0
2.75,0.0,0.0,0.0
1.86000013351,0.0,0.0,0.0
1.625,0.0,0.0,0.0
0.218000173569,0.0,0.0,0.0
0.0,0.0,0.0,0.0
0.0,0.0,0.0,0.0
9.2349998951,0.0,0.0,0.0
8.73500013351,0.0,0.0,0.0
7.32899999619,0.0,0.0,0.0
8.53200006485,0.0,0.0,0.0
6.68799996376,0.0,0.0,0.0
4.5,0.0,0.0,0.0
4.46899986267,0.0,0.0,0.0
2.79699993134,0.0,0.0,0.0
1.32899999619,0.0,0.0,0.0
1.81300020218,0.0,0.0,0.0
0.0789999961853,0.0,0.0,0.0
0.0,0.0,0.0,0.0
0.0,0.0,0.0,0.0
12.0480000973,0.0,0.0,0.0
9.14100003242,0.0,0.0,0.0
11.7669999599,0.0,0.0,0.0
8.26899981499,0.0,0.0,0.0
8.06299996376,0.0,0.0,0.0
3.57899999619,0.0,0.0,0.0
2.79700016975,0.0,0.0,0.0
2.75,0.0,0.0,0.0
1.84399986267,0.0,0.0,0.0
2.04700016975,0.0,0.0,0.0
0.0160000324249,0.0,0.0,0.0
0.0,0.0,0.0,0.0
0.0,0.0,0.0,0.0
13.1410000324,0.0,0.0,0.0
10.8450000286,0.0,0.0,0.0
6.17199993134,0.0,0.0,0.0
8.08100008965,0.0,0.0,0.0
7.2349998951,0.0,0.0,0.0
4.56299996376,0.0,0.0,0.0
3.57800006866,0.0,0.0,0.0
2.73500013351,0.0,0.0,0.0
2.3599998951,0.0,0.0,0.0
1.01600003242,0.0,0.0,0.0
0.155999898911,0.0,0.0,0.0
0.0,0.0,0.0,0.0
0.0,0.0,0.0,0.0
8.9849998951,0.0,0.0,0.0
9.45399999619,0.0,0.0,0.0
7.59400010109,0.0,0.0,0.0
7.93799996376,0.0,0.0,0.0
7.97000002861,0.0,0.0,0.0
4.67299985886,0.0,0.0,0.0
3.7650001049,0.0,0.0,0.0
2.59399986267,0.0,0.0,0.0
2.07899999619,0.0,0.0,0.0
1.59399986267,0.0,0.0,0.0
0.077999830246,0.0,0.0,0.0
0.0,0.0,0.0,0.0
0.0,0.0,0.0,0.0
10.625,0.0,0.0,0.0
11.9229998589,0.0,0.0,0.0
10.4690001011,0.0,0.0,0.0
9.16100001335,0.0,0.0,0.0
7.95399999619,0.0,0.0,0.0
4.4849998951,0.0,0.0,0.0
3.125,0.0,0.0,0.0
2.68700003624,0.0,0.0,0.0
1.4849998951,0.0,0.0,0.0
1.5,0.0,0.0,0.0
0.0,0.0,0.0,0.0
0.0,0.0,0.0,0.0
0.0,0.0,0.0,0.0
9.26700019836,0.0,0.0,0.0
10.4849998951,0.0,0.0,0.0
8.78200006485,0.0,0.0,0.0
7.97000002861,0.0,0.0,0.0
6.47600007057,0.0,0.0,0.0
5.30099987984,0.0,0.0,0.0
4.0759999752,0.0,0.0,0.0
2.2650001049,0.0,0.0,0.0
2.21899986267,0.0,0.0,0.0
1.42200016975,0.0,0.0,0.0
0.31299996376,0.0,0.0,0.0
0.0,0.0,0.0,0.0
0.0,0.0,0.0,0.0
13.0610001087,0.0,0.0,0.0
8.15700006485,0.0,0.0,0.0
10.265999794,0.0,0.0,0.0
8.45399999619,0.0,0.0,0.0
7.61000013351,0.0,0.0,0.0
5.43799996376,0.0,0.0,0.0
4.90700006485,0.0,0.0,0.0
1.98399996758,0.0,0.0,0.0
1.40699982643,0.0,0.0,0.0
1.68799996376,0.0,0.0,0.0
0.0150001049042,0.0,0.0,0.0
0.0,0.0,0.0,0.0
0.0,0.0,0.0,0.0
10.0320000648,0.0,0.0,0.0
12.2669999599,0.0,0.0,0.0
8.20300006866,0.0,0.0,0.0
9.50099992752,0.0,0.0,0.0
7.00099992752,0.0,0.0,0.0
4.29999995232,0.0,0.0,0.0
3.64100003242,0.0,0.0,0.0
2.51600003242,0.0,0.0,0.0
1.65599989891,0.0,0.0,0.0
2.31299996376,0.0,0.0,0.0
0.0620000362396,0.0,0.0,0.0
0.0,0.0,0.0,0.0
0.0,0.0,0.0,0.0
10.5950000286,0.0,0.0,0.0
9.43799996376,0.0,0.0,0.0
11.7979998589,0.0,0.0,0.0
8.14199995995,0.0,0.0,0.0
8.14100003242,0.0,0.0,0.0
4.125,0.0,0.0,0.0
3.4849998951,0.0,0.0,0.0
2.01599979401,0.0,0.0,0.0
1.29700016975,0.0,0.0,0.0
1.93799996376,0.0,0.0,0.0
0.0320000648499,0.0,0.0,0.0
0.0,0.0,0.0,0.0
0.0,0.0,0.0,0.0
13.6569998264,0.0,0.0,0.0
9.54600000381,0.0,0.0,0.0
9.42199993134,0.0,0.0,0.0
9.0640001297,0.0,0.0,0.0
6.6099998951,0.0,0.0,0.0
4.96899986267,0.0,0.0,0.0
2.84400010109,0.0,0.0,0.0
2.54699993134,0.0,0.0,0.0
1.625,0.0,0.0,0.0
1.45300006866,0.0,0.0,0.0
0.061999797821,0.0,0.0,0.0
0.0,0.0,0.0,0.0
0.0,0.0,0.0,0.0
11.1290001869,0.0,0.0,0.0
10.5789999962,0.0,0.0,0.0
9.73500013351,0.0,0.0,0.0
9.46900010109,0.0,0.0,0.0
7.28199982643,0.0,0.0,0.0
5.18799996376,0.0,0.0,0.0
3.92200016975,0.0,0.0,0.0
2.14100003242,0.0,0.0,0.0
1.84399986267,0.0,0.0,0.0
1.71899986267,0.0,0.0,0.0
0.46799993515,0.0,0.0,0.0
0.0,0.0,0.0,0.0
0.0,0.0,0.0,0.0
14.7039999962,0.0,0.0,0.0
9.67299985886,0.0,0.0,0.0
9.375,0.0,0.0,0.0
8.20399999619,0.0,0.0,0.0
7.29699993134,0.0,0.0,0.0
4.15700006485,0.0,0.0,0.0
3.73399996758,0.0,0.0,0.0
2.70399999619,0.0,0.0,0.0
2.29700016975,0.0,0.0,0.0
2.625,0.0,0.0,0.0
0.0149998664856,0.0,0.0,0.0
0.0,0.0,0.0,0.0
0.0,0.0,0.0,0.0
10.0479998589,0.0,0.0,0.0
9.01699995995,0.0,0.0,0.0
10.2820000648,0.0,0.0,0.0
8.68799996376,0.0,0.0,0.0
6.43799996376,0.0,0.0,0.0
4.15699982643,0.0,0.0,0.0
2.92200016975,0.0,0.0,0.0
2.35899996758,0.0,0.0,0.0
1.875,0.0,0.0,0.0
2.01600003242,0.0,0.0,0.0
0.0629999637604,0.0,0.0,0.0
0.0,0.0,0.0,0.0
0.0,0.0,0.0,0.0
9.42200016975,0.0,0.0,0.0
9.90699982643,0.0,0.0,0.0
9.51600003242,0.0,0.0,0.0
6.12599992752,0.0,0.0,0.0
7.03200006485,0.0,0.0,0.0
4.59400010109,0.0,0.0,0.0
4.06200003624,0.0,0.0,0.0
3.18799996376,0.0,0.0,0.0
2.7349998951,0.0,0.0,0.0
2.67199993134,0.0,0.0,0.0
0.469000101089,0.0,0.0,0.0
0.0,0.0,0.0,0.0
0.0,0.0,0.0,0.0
10.3440001011,0.0,0.0,0.0
11.0639998913,0.0,0.0,0.0
9.125,0.0,0.0,0.0
8.34500002861,0.0,0.0,0.0
7.65700006485,0.0,0.0,0.0
6.26600003242,0.0,0.0,0.0
3.90599989891,0.0,0.0,0.0
2.23500013351,0.0,0.0,0.0
1.875,0.0,0.0,0.0
2.14100003242,0.0,0.0,0.0
0.281000137329,0.0,0.0,0.0
0.0,0.0,0.0,0.0
0.0,0.0,0.0,0.0
9.3599998951,0.0,0.0,0.0
10.3910000324,0.0,0.0,0.0
8.51600003242,0.0,0.0,0.0
10.9700000286,0.0,0.0,0.0
6.68799996376,0.0,0.0,0.0
4.0,0.0,0.0,0.0
3.07800006866,0.0,0.0,0.0
2.25099992752,0.0,0.0,0.0
2.53100013733,0.0,0.0,0.0
2.53099989891,0.0,0.0,0.0
0.0149998664856,0.0,0.0,0.0
0.0,0.0,0.0,0.0
0.0,0.0,0.0,0.0
12.0789999962,0.0,0.0,0.0
13.5789999962,0.0,0.0,0.0
9.64100003242,0.0,0.0,0.0
8.92300009727,0.0,0.0,0.0
7.07799983025,0.0,0.0,0.0
4.87600016594,0.0,0.0,0.0
3.40599989891,0.0,0.0,0.0
2.76600003242,0.0,0.0,0.0
1.625,0.0,0.0,0.0
1.60899996758,0.0,0.0,0.0
0.421999931335,0.0,0.0,0.0
0.0,0.0,0.0,0.0
0.0,0.0,0.0,0.0
10.9389998913,0.0,0.0,0.0
8.51600003242,0.0,0.0,0.0
8.70399999619,0.0,0.0,0.0
8.4849998951,0.0,0.0,0.0
8.56299996376,0.0,0.0,0.0
3.8900001049,0.0,0.0,0.0
4.87599992752,0.0,0.0,0.0
3.06200003624,0.0,0.0,0.0
1.4849998951,0.0,0.0,0.0
1.95300006866,0.0,0.0,0.0
0.0620000362396,0.0,0.0,0.0
0.0,0.0,0.0,0.0
0.0,0.0,0.0,0.0
11.8129999638,0.0,0.0,0.0
10.2039999962,0.0,0.0,0.0
8.84500002861,0.0,0.0,0.0
8.625,0.0,0.0,0.0
9.25099992752,0.0,0.0,0.0
3.78100013733,0.0,0.0,0.0
3.21900010109,0.0,0.0,0.0
2.35899996758,0.0,0.0,0.0
1.43700003624,0.0,0.0,0.0
1.57899999619,0.0,0.0,0.0
0.0940001010895,0.0,0.0,0.0
0.0,0.0,0.0,0.0
0.0,0.0,0.0,0.0
9.12600016594,0.0,0.0,0.0
10.5319998264,0.0,0.0,0.0
9.61000013351,0.0,0.0,0.0
6.125,0.0,0.0,0.0
6.6099998951,0.0,0.0,0.0
5.375,0.0,0.0,0.0
3.81299996376,0.0,0.0,0.0
2.79700016975,0.0,0.0,0.0
1.92200016975,0.0,0.0,0.0
1.98399996758,0.0,0.0,0.0
0.0940001010895,0.0,0.0,0.0
0.0,0.0,0.0,0.0
0.0,0.0,0.0,0.0
8.64100003242,0.0,0.0,0.0
8.09500002861,0.0,0.0,0.0
10.2350001335,0.0,0.0,0.0
8.61000013351,0.0,0.0,0.0
7.125,0.0,0.0,0.0
6.18799996376,0.0,0.0,0.0
3.86000013351,0.0,0.0,0.0
3.03099989891,0.0,0.0,0.0
1.99800014496,0.0,0.0,0.0
1.5150001049,0.0,0.0,0.0
0.484999895096,0.0,0.0,0.0
0.0,0.0,0.0,0.0
0.0,0.0,0.0,0.0
11.2820000648,0.0,0.0,0.0
8.3599998951,0.0,0.0,0.0
9.76600003242,0.0,0.0,0.0
7.82899999619,0.0,0.0,0.0
6.53200006485,0.0,0.0,0.0
5.56299996376,0.0,0.0,0.0
4.04699993134,0.0,0.0,0.0
2.92200016975,0.0,0.0,0.0
1.76599979401,0.0,0.0,0.0
2.00099992752,0.0,0.0,0.0
0.343999862671,0.0,0.0,0.0
0.0,0.0,0.0,0.0
0.0,0.0,0.0,0.0
8.37599992752,0.0,0.0,0.0
11.8760001659,0.0,0.0,0.0
10.1879999638,0.0,0.0,0.0
8.56299996376,0.0,0.0,0.0
7.7349998951,0.0,0.0,0.0
5.34400010109,0.0,0.0,0.0
3.56299996376,0.0,0.0,0.0
2.56200003624,0.0,0.0,0.0
1.59399986267,0.0,0.0,0.0
1.92200016975,0.0,0.0,0.0
0.0160000324249,0.0,0.0,0.0
0.0,0.0,0.0,0.0
0.0,0.0,0.0,0.0
11.640999794,0.0,0.0,0.0
11.2350001335,0.0,0.0,0.0
10.7820000648,0.0,0.0,0.0
8.59399986267,0.0,0.0,0.0
7.18799996376,0.0,0.0,0.0
3.78200006485,0.0,0.0,0.0
3.17199993134,0.0,0.0,0.0
2.01600003242,0.0,0.0,0.0
1.56299996376,0.0,0.0,0.0
1.77500009537,0.0,0.0,0.0
0.0620000362396,0.0,0.0,0.0
0.0160000324249,0.0,0.0,0.0
0.0,0.0,0.0,0.0
9.14100003242,0.0,0.0,0.0
11.4850001335,0.0,0.0,0.0
8.45399999619,0.0,0.0,0.0
8.07899999619,0.0,0.0,0.0
7.15699982643,0.0,0.0,0.0
4.21900010109,0.0,0.0,0.0
3.96900010109,0.0,0.0,0.0
2.42199993134,0.0,0.0,0.0
2.375,0.0,0.0,0.0
1.90700006485,0.0,0.0,0.0
0.172000169754,0.0,0.0,0.0
0.0,0.0,0.0,0.0
0.0,0.0,0.0,0.0
9.21999979019,0.0,0.0,0.0
9.68800020218,0.0,0.0,0.0
9.2349998951,0.0,0.0,0.0
6.11000013351,0.0,0.0,0.0
7.93799996376,0.0,0.0,0.0
3.42199993134,0.0,0.0,0.0
4.3599998951,0.0,0.0,0.0
3.125,0.0,0.0,0.0
1.93800020218,0.0,0.0,0.0
1.84400010109,0.0,0.0,0.0
0.468999862671,0.0,0.0,0.0
0.0,0.0,0.0,0.0
0.0,0.0,0.0,0.0
10.6100001335,0.0,0.0,0.0
10.1569998264,0.0,0.0,0.0
9.20399999619,0.0,0.0,0.0
9.25100016594,0.0,0.0,0.0
6.67199993134,0.0,0.0,0.0
5.07800006866,0.0,0.0,0.0
4.56299996376,0.0,0.0,0.0
2.76600003242,0.0,0.0,0.0
2.01600003242,0.0,0.0,0.0
2.56299996376,0.0,0.0,0.0
0.0159997940063,0.0,0.0,0.0
0.0,0.0,0.0,0.0
0.0,0.0,0.0,0.0
10.6719999313,0.0,0.0,0.0
8.17300009727,0.0,0.0,0.0
10.2820000648,0.0,0.0,0.0
10.9529998302,0.0,0.0,0.0
6.89199995995,0.0,0.0,0.0
6.40599989891,0.0,0.0,0.0
3.28200006485,0.0,0.0,0.0
2.1400001049,0.0,0.0,0.0
2.70399999619,0.0,0.0,0.0
1.78600001335,0.0,0.0,0.0
0.110000133514,0.0,0.0,0.0
0.0,0.0,0.0,0.0
0.0,0.0,0.0,0.0
13.2660000324,0.0,0.0,0.0
10.8759999275,0.0,0.0,0.0
9.03200006485,0.0,0.0,0.0
8.37599992752,0.0,0.0,0.0
7.45399999619,0.0,0.0,0.0
5.13000011444,0.0,0.0,0.0
4.17199993134,0.0,0.0,0.0
1.78200006485,0.0,0.0,0.0
1.70000004768,0.0,0.0,0.0
1.80799984932,0.0,0.00100016593933,0.0
0.0629999637604,0.0,0.0,0.0
0.0,0.0,0.0,0.0
0.0,0.0,0.0,0.0
10.111000061,0.0,0.0,0.0
12.1099998951,0.0,0.0,0.0
12.9539999962,0.0,0.0,0.0
7.14100003242,0.0,0.0,0.0
8.11000013351,0.0,0.0,0.0
3.92199993134,0.0,0.0,0.0
3.67199993134,0.0,0.0,0.0
2.45399999619,0.0,0.0,0.0
1.42199993134,0.0,0.0,0.0
0.484999895096,0.0,0.0,0.0
0.0160000324249,0.0,0.0,0.0
0.0,0.0,0.0,0.0
0.0,0.0,0.0,0.0
11.7969999313,0.0,0.0,0.0
10.7510001659,0.0,0.0,0.0
7.71899986267,0.0,0.0,0.0
7.07800006866,0.0,0.0,0.0
7.53200006485,0.0,0.0,0.0
5.34400010109,0.0,0.0,0.0
3.46899986267,0.0,0.0,0.0
2.56200003624,0.0,0.0,0.0
1.84400010109,0.0,0.0,0.0
1.56599998474,0.0,0.0,0.0
0.508000135422,0.0,0.0,0.0
0.0,0.0,0.0,0.0
0.0,0.0,0.0,0.0
9.70500016212,0.0,0.0,0.0
10.5469999313,0.0,0.0,0.0
9.00099992752,0.0,0.0,0.0
8.20399999619,0.0,0.0,0.0
8.09400010109,0.0,0.0,0.0
4.62599992752,0.0,0.0,0.0
3.78100013733,0.0,0.0,0.0
2.71900010109,0.0,0.0,0.0
1.92199993134,0.0,0.0,0.0
1.48600006104,0.0,0.0,0.0
0.0,0.0,0.0,0.0
0.0,0.0,0.0,0.0
0.0,0.0,0.0,0.0
10.4690001011,0.0,0.0,0.0
10.4379999638,0.0,0.0,0.0
8.89199995995,0.0,0.0,0.0
8.98500013351,0.0,0.0,0.0
7.8599998951,0.0,0.0,0.0
4.125,0.0,0.0,0.0
3.34400010109,0.0,0.0,0.0
3.15599989891,0.0,0.0,0.0
1.96899986267,0.0,0.0,0.0
1.53200006485,0.0,0.0,0.0
0.625,0.0,0.0,0.0
0.0,0.0,0.0,0.0
0.0,0.0,0.0,0.0
12.4689998627,0.0,0.0,0.0
11.6890001297,0.0,0.0,0.0
10.3919999599,0.0,0.0,0.0
7.31300020218,0.0,0.0,0.0
6.53099989891,0.0,0.0,0.0
4.81299996376,0.0,0.0,0.0
4.73500013351,0.0,0.0,0.0
3.1099998951,0.0,0.0,0.0
2.07800006866,0.0,0.0,0.0
1.68700003624,0.0,0.0,0.0
0.5,0.0,0.0,0.0
0.0,0.0,0.0,0.0
0.0,0.0,0.0,0.0
10.8910000324,0.0,0.0,0.0
9.65699982643,0.0,0.0,0.0
10.0470001698,0.0,0.0,0.0
8.71999979019,0.0,0.0,0.0
6.31300020218,0.0,0.0,0.0
4.125,0.0,0.0,0.0
3.3599998951,0.0,0.0,0.0
2.10899996758,0.0,0.0,0.0
2.09400010109,0.0,0.0,0.0
1.40599989891,0.0,0.0,0.0
0.0620000362396,0.0,0.0,0.0
0.0,0.0,0.0,0.0
0.0,0.0,0.0,0.0
12.7820000648,0.0,0.0,0.0
10.9379999638,0.0,0.0,0.0
8.45399999619,0.0,0.0,0.0
8.39100003242,0.0,0.0,0.0
7.90699982643,0.0,0.0,0.0
4.04700016975,0.0,0.0,0.0
3.45299983025,0.0,0.0,0.0
3.84500002861,0.0,0.0,0.0
2.20399999619,0.0,0.0,0.0
2.14099979401,0.0,0.0,0.0
0.0939998626709,0.0,0.0,0.0
0.0,0.0,0.0,0.0
0.0,0.0,0.0,0.0
8.77499985695,0.0,0.0,0.0
8.20399999619,0.0,0.0,0.0
8.61000013351,0.0,0.0,0.0
9.18799996376,0.0,0.0,0.0
6.90700006485,0.0,0.0,0.0
3.75,0.0,0.0,0.0
3.5720000267,0.0,0.0,0.0
3.0,0.0,0.0,0.0
1.79699993134,0.0,0.0,0.0
1.75,0.0,0.0,0.0
0.0929999351501,0.0,0.0,0.0
0.0,0.0,0.0,0.0
0.0,0.0,0.0,0.0
9.36000013351,0.0,0.0,0.0
8.73500013351,0.0,0.0,0.0
9.87599992752,0.0,0.0,0.0
8.29699993134,0.0,0.0,0.0
7.61000013351,0.0,0.0,0.0
4.78099989891,0.0,0.0,0.0
3.75100016594,0.0,0.0,0.0
2.46900010109,0.0,0.0,0.0
1.625,0.0,0.0,0.0
1.15700006485,0.0,0.0,0.0
0.047000169754,0.0,0.0,0.0
0.0,0.0,0.0,0.0
0.0,0.0,0.0,0.0
14.7669999599,0.0,0.0,0.0
11.7200000286,0.0,0.0,0.0
8.59399986267,0.0,0.0,0.0
7.61000013351,0.0,0.0,0.0
6.45399999619,0.0,0.0,0.0
4.75,0.0,0.0,0.0
4.06299996376,0.0,0.0,0.0
2.68799996376,0.0,0.0,0.0
1.78100013733,0.0,0.0,0.0
2.09399986267,0.0,0.0,0.0
0.547000169754,0.0,0.0,0.0
0.0160000324249,0.0,0.0,0.0
0.0,0.0,0.0,0.0
9.48500013351,0.0,0.0,0.0
9.59399986267,0.0,0.0,0.0
9.68799996376,0.0,0.0,0.0
8.25100016594,0.0,0.0,0.0
7.54299998283,0.0,0.0,0.0
5.43799996376,0.0,0.0,0.0
4.17199993134,0.0,0.0,0.0
1.61000013351,0.0,0.0,0.0
1.70300006866,0.0,0.0,0.0
1.65700006485,0.0,0.0,0.0
0.0320000648499,0.0,0.0,0.0
0.0,0.0,0.0,0.0
0.0,0.0,0.0,0.0
10.5940001011,0.0,0.0,0.0
7.71899986267,0.0,0.0,0.0
9.54800009727,0.0,0.0,0.0
6.5,0.0,0.0,0.0
6.76600003242,0.0,0.0,0.0
3.9849998951,0.0,0.0,0.0
3.11500000954,0.0,0.0,0.0
2.95300006866,0.0,0.0,0.0
2.31299996376,0.0,0.0,0.0
2.39099979401,0.0,0.0,0.0
0.15700006485,0.0,0.0,0.0
0.0,0.0,0.0,0.0
0.0,0.0,0.0,0.0
12.8289999962,0.0,0.0,0.0
10.5,0.0,0.0,0.0
8.28200006485,0.0,0.0,0.0
8.53199982643,0.0,0.0,0.0
7.7650001049,0.0,0.0,0.0
4.81299996376,0.0,0.0,0.0
3.90599989891,0.0,0.0,0.0
2.93799996376,0.0,0.0,0.0
2.125,0.0,0.0,0.0
2.31299996376,0.0,0.0,0.0
0.389999866486,0.0,0.0,0.0
0.0,0.0,0.0,0.0
0.0,0.0,0.0,0.0
14.2980000973,0.0,0.0,0.0
7.93799996376,0.0,0.0,0.0
7.59400010109,0.0,0.0,0.0
8.50099992752,0.0,0.0,0.0
6.39100003242,0.0,0.0,0.0
4.28099989891,0.0,0.0,0.0
3.86000013351,0.0,0.0,0.0
2.43799996376,0.0,0.0,0.0
1.75,0.0,0.0,0.0
1.79699993134,0.0,0.0,0.0
0.0629999637604,0.0,0.0,0.0
0.0,0.0,0.0,0.0
0.0,0.0,0.0,0.0
12.1889998913,0.0,0.0,0.0
11.8289999962,0.0,0.0,0.0
7.0,0.0,0.0,0.0
7.34500002861,0.0,0.0,0.0
7.33100008965,0.0,0.0,0.0
4.91100001335,0.0,0.0,0.0
3.71099996567,0.0,0.0,0.0
3.06200003624,0.0,0.0,0.0
1.29699993134,0.0,0.0,0.0
1.45300006866,0.0,0.0,0.0
0.280999898911,0.0,0.0,0.0
0.0,0.0,0.0,0.0
0.0,0.0,0.0,0.0
10.4069998264,0.0,0.0,0.0
10.5320000648,0.0,0.0,0.0
9.81299996376,0.0,0.0,0.0
7.97000002861,0.0,0.0,0.0
6.98500013351,0.0,0.0,0.0
4.42199993134,0.0,0.0,0.0
3.04699993134,0.0,0.0,0.0
2.125,0.0,0.0,0.0
2.31200003624,0.0,0.0,0.0
1.625,0.0,0.0,0.0
0.0149998664856,0.0,0.0,0.0
0.0,0.0,0.0,0.0
0.0,0.0,0.0,0.0
10.2660000324,0.0,0.0,0.0
8.26600003242,0.0,0.0,0.0
9.125,0.0,0.0,0.0
8.17299985886,0.0,0.0,0.0
6.57899999619,0.0,0.0,0.0
4.75,0.0,0.0,0.0
3.60899996758,0.0,0.0,0.0
2.46900010109,0.0,0.0,0.0
1.68700003624,0.0,0.0,0.0
0.953999996185,0.0,0.0,0.0
0.0160000324249,0.0,0.0,0.0
0.0,0.0,0.0,0.0
0.0,0.0,0.0,0.0
9.06300020218,0.0,0.0,0.0
9.01600003242,0.0,0.0,0.0
8.7349998951,0.0,0.0,0.0
10.3450000286,0.0,0.0,0.0
7.21900010109,0.0,0.0,0.0
4.375,0.0,0.0,0.0
3.20399999619,0.0,0.0,0.0
2.51600003242,0.0,0.0,0.0
1.54700016975,0.0,0.0,0.0
1.85900020599,0.0,0.0,0.0
0.0150001049042,0.0,0.0,0.0
0.0,0.0,0.0,0.0
0.0,0.0,0.0,0.0
8.90700006485,0.0,0.0,0.0
11.6729998589,0.0,0.0,0.0
14.6880002022,0.0,0.0,0.0
7.62599992752,0.0,0.0,0.0
6.06299996376,0.0,0.0,0.0
5.31300020218,0.0,0.0,0.0
3.46899986267,0.0,0.0,0.0
2.67199993134,0.0,0.0,0.0
1.85900020599,0.0,0.0,0.0
1.81300020218,0.0,0.0,0.0
0.0940001010895,0.0,0.0,0.0
0.0,0.0,0.0,0.0
0.0,0.0,0.0,0.0
13.1099998951,0.0,0.0,0.0
10.0010001659,0.0,0.0,0.0
8.54699993134,0.0,0.0,0.0
9.04799985886,0.0,0.0,0.0
6.93800020218,0.0,0.0,0.0
4.54699993134,0.0,0.0,0.0
3.71900010109,0.0,0.0,0.0
2.25099992752,0.0,0.0,0.0
2.79700016975,0.0,0.0,0.0
2.09500002861,0.0,0.0,0.0
0.0149998664856,0.0,0.0,0.0
0.0,0.0,0.0,0.0
0.0,0.0,0.0,0.0
14.7510001659,0.0,0.0,0.0
11.3600001335,0.0,0.0,0.0
8.29799985886,0.0,0.0,0.0
7.71900010109,0.0,0.0,0.0
6.93799996376,0.0,0.0,0.0
5.26600003242,0.0,0.0,0.0
4.84399986267,0.0,0.0,0.0
2.3900001049,0.0,0.0,0.0
1.67199993134,0.0,0.0,0.0
1.92199993134,0.0,0.0,0.0
0.453000068665,0.0,0.0,0.0
0.0,0.0,0.0,0.0
0.0,0.0,0.0,0.0
13.6260001659,0.0,0.0,0.0
10.2039999962,0.0,0.0,0.0
8.71899986267,0.0,0.0,0.0
8.47000002861,0.0,0.0,0.0
7.76600003242,0.0,0.0,0.0
4.65599989891,0.0,0.0,0.0
4.01600003242,0.0,0.0,0.0
3.26600003242,0.0,0.0,0.0
1.95300006866,0.0,0.0,0.0
1.9849998951,0.0,0.0,0.0
0.281000137329,0.0,0.0,0.0
0.0,0.0,0.0,0.0
0.0,0.0,0.0,0.0
11.7039999962,0.0,0.0,0.0
12.9700000286,0.0,0.0,0.0
9.70399999619,0.0,0.0,0.0
9.17199993134,0.0,0.0,0.0
6.81299996376,0.0,0.0,0.0
4.29699993134,0.0,0.0,0.0
3.42199993134,0.0,0.0,0.0
2.45300006866,0.0,0.0,0.0
2.01600003242,0.0,0.0,0.0
2.10899996758,0.0,0.0,0.0
0.34299993515,0.0,0.0,0.0
0.0,0.0,0.0,0.0
0.0,0.0,0.0,0.0
12.6260001659,0.0,0.0,0.0
11.1569998264,0.0,0.0,0.0
9.34400010109,0.0,0.0,0.0
8.17300009727,0.0,0.0,0.0
7.90699982643,0.0,0.0,0.0
4.42200016975,0.0,0.0,0.0
4.42199993134,0.0,0.0,0.0
2.70399999619,0.0,0.0,0.0
1.90600013733,0.0,0.0,0.0
0.796999931335,0.0,0.0,0.0
0.0,0.0,0.0,0.0
0.0,0.0,0.0,0.0
0.0,0.0,0.0,0.0
10.9110000134,0.0,0.0,0.0
8.79699993134,0.0,0.0,0.0
10.1879999638,0.0,0.0,0.0
7.72000002861,0.0,0.0,0.0
7.79700016975,0.0,0.0,0.0
5.22399997711,0.0,0.0,0.0
3.92199993134,0.0,0.0,0.0
2.5,0.0,0.0,0.0
1.96899986267,0.0,0.0,0.0
2.28100013733,0.0,0.0,0.0
0.109999895096,0.0,0.0,0.0
0.0,0.0,0.0,0.0
0.0,0.0,0.0,0.0
9.2009999752,0.0,0.0,0.0
9.50099992752,0.0,0.0,0.0
7.31299996376,0.0,0.0,0.0
6.95300006866,0.0,0.0,0.0
6.68799996376,0.0,0.0,0.0
5.28200006485,0.0,0.0,0.0
3.90700006485,0.0,0.0,0.0
2.71899986267,0.0,0.0,0.0
1.70300006866,0.0,0.0,0.0
2.15699982643,0.0,0.0,0.0
0.358999967575,0.0,0.0,0.0
0.0,0.0,0.0,0.0
0.0,0.0,0.0,0.0
10.7889997959,0.0,0.0,0.0
10.8130002022,0.0,0.0,0.0
9.64199995995,0.0,0.0,0.0
8.0,0.0,0.0,0.0
6.32899999619,0.0,0.0,0.0
5.17199993134,0.0,0.0,0.0
3.70300006866,0.0,0.0,0.0
1.57799983025,0.0,0.0,0.0
2.32800006866,0.0,0.0,0.0
2.93799996376,0.0,0.0,0.0
0.18700003624,0.0,0.0,0.0
0.0,0.0,0.0,0.0
0.0,0.0,0.0,0.0
8.73500013351,0.0,0.0,0.0
8.20399999619,0.0,0.0,0.0
9.70300006866,0.0,0.0,0.0
6.70399999619,0.0,0.0,0.0
6.5,0.0,0.0,0.0
4.67200016975,0.0,0.0,0.0
2.7349998951,0.0,0.0,0.0
2.06299996376,0.0,0.0,0.0
1.7349998951,0.0,0.0,0.0
1.7349998951,0.0,0.0,0.0
0.0939998626709,0.0,0.0,0.0
0.0,0.0,0.0,0.0
0.0,0.0,0.0,0.0
11.9539999962,0.0,0.0,0.0
8.45399999619,0.0,0.0,0.0
10.890999794,0.0,0.0,0.0
8.25100016594,0.0,0.0,0.0
6.78099989891,0.0,0.0,0.0
4.20399999619,0.0,0.0,0.0
3.17200016975,0.0,0.0,0.0
2.98399996758,0.0,0.0,0.0
1.76599979401,0.0,0.0,0.0
2.18799996376,0.0,0.0,0.0
0.0319998264313,0.0,0.0,0.0
0.0,0.0,0.0,0.0
0.0,0.0,0.0,0.0
9.88900017738,0.0,0.0,0.0
12.3450000286,0.0,0.0,0.0
8.82899999619,0.0,0.0,0.0
8.84399986267,0.0,0.0,0.0
7.29699993134,0.0,0.0,0.0
5.28200006485,0.0,0.0,0.0
3.46900010109,0.0,0.0,0.0
2.63999986649,0.0,0.0,0.0
2.03200006485,0.0,0.0,0.0
1.13999986649,0.0,0.0,0.0
0.296999931335,0.0,0.0,0.0
0.0,0.0,0.0,0.0
0.0,0.0,0.0,0.0
11.7509999275,0.0,0.0,0.0
12.3150000572,0.0,0.0,0.0
10.515999794,0.0,0.0,0.0
8.36000013351,0.0,0.0,0.0
6.42300009727,0.0,0.0,0.0
4.51499986649,0.0,0.0,0.0
4.18799996376,0.0,0.0,0.0
2.86000013351,0.0,0.0,0.0
1.95299983025,0.0,0.0,0.0
1.64100003242,0.0,0.0,0.0
0.421999931335,0.0,0.0,0.0
0.0,0.0,0.0,0.0
0.0,0.0,0.0,0.0
12.1099998951,0.0,0.0,0.0
10.6879999638,0.0,0.0,0.0
10.0950000286,0.0,0.0,0.0
8.7349998951,0.0,0.0,0.0
7.78200006485,0.0,0.0,0.0
4.42199993134,0.0,0.0,0.0
3.93800020218,0.0,0.0,0.0
2.76599979401,0.0,0.0,0.0
2.70300006866,0.0,0.0,0.0
2.34400010109,0.0,0.0,0.0
0.469000101089,0.0,0.0,0.0
0.0,0.0,0.0,0.0
0.0,0.0,0.0,0.0
13.6879999638,0.0,0.0,0.0
11.2509999275,0.0,0.0,0.0
8.82899999619,0.0,0.0,0.0
8.40600013733,0.0,0.0,0.0
7.54799985886,0.0,0.0,0.0
4.81299996376,0.0,0.0,0.0
3.67200016975,0.0,0.0,0.0
2.82799983025,0.0,0.0,0.0
1.375,0.0,0.0,0.0
1.125,0.0,0.0,0.0
0.5,0.0,0.0,0.0
0.0,0.0,0.0,0.0
0.0,0.0,0.0,0.0
10.8760001659,0.0,0.0,0.0
10.7199997902,0.0,0.0,0.0
7.84400010109,0.0,0.0,0.0
7.56299996376,0.0,0.0,0.0
7.67300009727,0.0,0.0,0.0
4.89100003242,0.0,0.0,0.0
3.92199993134,0.0,0.0,0.0
2.45399999619,0.0,0.0,0.0
1.25,0.0,0.0,0.0
1.4849998951,0.0,0.0,0.0
0.0629999637604,0.0,0.0,0.0
0.0,0.0,0.0,0.0
0.0,0.0,0.0,0.0
10.0780000687,0.0,0.0,0.0
10.7200000286,0.0,0.0,0.0
9.84400010109,0.0,0.0,0.0
8.6099998951,0.0,0.0,0.0
6.79800009727,0.0,0.0,0.0
3.875,0.0,0.0,0.0
3.09399986267,0.0,0.0,0.0
3.48500013351,0.0,0.0,0.0
2.23399996758,0.0,0.0,0.0
2.03200006485,0.0,0.0,0.0
0.077999830246,0.0,0.0,0.0
0.0,0.0,0.0,0.0
0.0,0.0,0.0,0.0
13.4849998951,0.0,0.0,0.0
9.39199995995,0.0,0.0,0.0
9.73900008202,0.0,0.0,0.0
7.54699993134,0.0,0.0,0.0
6.25,0.0,0.0,0.0
5.17199993134,0.0,0.0,0.0
3.67199993134,0.0,0.0,0.0
3.92199993134,0.0,0.0,0.0
2.28099989891,0.0,0.0,0.0
0.421000003815,0.0,0.0,0.0
0.296999931335,0.0,0.0,0.0
0.0,0.0,0.0,0.0
0.0,0.0,0.0,0.0
9.39199995995,0.0,0.0,0.0
11.6009998322,0.0,0.0,0.0
10.1260001659,0.0,0.0,0.0
8.64100003242,0.0,0.0,0.0
8.17299985886,0.0,0.0,0.0
5.375,0.0,0.0,0.0
3.21899986267,0.0,0.0,0.0
1.98500013351,0.0,0.0,0.0
2.54699993134,0.0,0.0,0.0
1.70300006866,0.0,0.0,0.0
0.0160000324249,0.0,0.0,0.0
0.0,0.0,0.0,0.0
0.0,0.0,0.0,0.0
10.6570000648,0.0,0.0,0.0
11.6879999638,0.0,0.0,0.0
9.50099992752,0.0,0.0,0.0
8.06299996376,0.0,0.0,0.0
7.20399999619,0.0,0.0,0.0
5.28100013733,0.0,0.0,0.0
3.28200006485,0.0,0.0,0.0
2.59400010109,0.0,0.0,0.0
2.43799996376,0.0,0.0,0.0
2.54699993134,0.0,0.0,0.0
0.0160000324249,0.0,0.0,0.0
0.0,0.0,0.0,0.0
0.0,0.0,0.0,0.0
10.9230000973,0.0,0.0,0.0
9.56999993324,0.0,0.0,0.0
8.73500013351,0.0,0.0,0.0
8.03199982643,0.0,0.0,0.0
7.31300020218,0.0,0.0,0.0
3.53099989891,0.0,0.0,0.0
2.76600003242,0.0,0.0,0.0
2.82899999619,0.0,0.0,0.0
2.29700016975,0.0,0.0,0.0
2.14099979401,0.0,0.0,0.0
0.0160000324249,0.0,0.0,0.0
0.0,0.0,0.0,0.0
0.0,0.0,0.0,0.0
13.0169999599,0.0,0.0,0.0
10.9379999638,0.0,0.0,0.0
9.82899999619,0.0,0.0,0.0
9.39100003242,0.0,0.0,0.0
8.17299985886,0.0,0.0,0.0
5.67200016975,0.0,0.0,0.0
3.89100003242,0.0,0.0,0.0
2.93799996376,0.0,0.0,0.0
2.0,0.0,0.0,0.0
2.0,0.0,0.0,0.0
0.280999898911,0.0,0.0,0.0
0.0,0.0,0.0,0.0
0.0,0.0,0.0,0.0
10.1570000648,0.0,0.0,0.0
8.01699995995,0.0,0.0,0.0
9.70300006866,0.0,0.0,0.0
11.2509999275,0.0,0.0,0.0
6.78099989891,0.0,0.0,0.0
3.42200016975,0.0,0.0,0.0
3.64100003242,0.0,0.0,0.0
2.54700016975,0.0,0.0,0.0
1.75,0.0,0.0,0.0
0.296999931335,0.0,0.0,0.0
0.0309998989105,0.0,0.0,0.0
0.0,0.0,0.0,0.0
0.0,0.0,0.0,0.0
9.40700006485,0.0,0.0,0.0
8.84500002861,0.0,0.0,0.0
8.7349998951,0.0,0.0,0.0
8.375,0.0,0.0,0.0
5.76600003242,0.0,0.0,0.0
3.76600003242,0.0,0.0,0.0
3.15699982643,0.0,0.0,0.0
2.51600003242,0.0,0.0,0.0
1.51600003242,0.0,0.0,0.0
0.796999931335,0.0,0.0,0.0
0.0149998664856,0.0,0.0,0.0
0.0,0.0,0.0,0.0
0.0,0.0,0.0,0.0
11.0009999275,0.0,0.0,0.0
12.5480000973,0.0,0.0,0.0
8.03099989891,0.0,0.0,0.0
8.24000000954,0.0,0.0,0.0
7.36000013351,0.0,0.0,0.0
5.14100003242,0.0,0.0,0.0
3.81299996376,0.0,0.0,0.0
2.5,0.0,0.0,0.0
1.5,0.0,0.0,0.0
0.5,0.0,0.0,0.0
0.59299993515,0.0,0.0,0.0
0.0,0.0,0.0,0.0
0.0,0.0,0.0,0.0
12.6069998741,0.0,0.0,0.0
10.5020000935,0.0,0.0,0.0
9.97000002861,0.0,0.0,0.0
9.59399986267,0.0,0.0,0.0
7.20399999619,0.0,0.0,0.0
5.0,0.0,0.0,0.0
3.76600003242,0.0,0.0,0.0
2.28100013733,0.0,0.0,0.0
1.84399986267,0.0,0.0,0.0
1.46799993515,0.0,0.0,0.0
0.0780000686646,0.0,0.0,0.0
0.0,0.0,0.0,0.0
0.0,0.0,0.0,0.0
12.8919999599,0.0,0.0,0.0
9.125,0.0,0.0,0.0
8.57899999619,0.0,0.0,0.0
6.70399999619,0.0,0.0,0.0
6.25,0.0,0.0,0.0
4.46900010109,0.0,0.0,0.0
2.78200006485,0.0,0.0,0.0
1.92199993134,0.0,0.0,0.0
1.53100013733,0.0,0.0,0.0
2.14100003242,0.0,0.0,0.0
0.296999931335,0.0,0.0,0.0
0.0,0.0,0.0,0.0
0.0,0.0,0.0,0.0
12.3599998951,0.0,0.0,0.0
11.1099998951,0.0,0.0,0.0
8.70399999619,0.0,0.0,0.0
7.29700016975,0.0,0.0,0.0
7.43799996376,0.0,0.0,0.0
3.12999987602,0.0,0.0,0.0
3.17200016975,0.0,0.0,0.0
2.54699993134,0.0,0.0,0.0
1.93799996376,0.0,0.0,0.0
1.93700003624,0.0,0.0,0.0
0.125,0.0,0.0,0.0
0.0,0.0,0.0,0.0
0.0,0.0,0.0,0.0
10.5680000782,0.0,0.0,0.0
9.81299996376,0.0,0.0,0.0
8.8599998951,0.0,0.0,0.0
8.53200006485,0.0,0.0,0.0
7.39100003242,0.0,0.0,0.0
5.03200006485,0.0,0.0,0.0
4.25,0.0,0.0,0.0
2.84300017357,0.0,0.0,0.0
2.6099998951,0.0,0.0,0.0
2.92200016975,0.0,0.0,0.0
0.0,0.0,0.0,0.0
0.0,0.0,0.0,0.0
0.0,0.0,0.0,0.0
10.8120000362,0.0,0.0,0.0
10.2660000324,0.0,0.0,0.0
7.7349998951,0.0,0.0,0.0
8.70399999619,0.0,0.0,0.0
7.54800009727,0.0,0.0,0.0
4.92300009727,0.0,0.0,0.0
3.45299983025,0.0,0.0,0.0
2.42200016975,0.0,0.0,0.0
1.43799996376,0.0,0.0,0.0
2.01600003242,0.0,0.0,0.0
0.0160000324249,0.0,0.0,0.0
0.0,0.0,0.0,0.0
0.0,0.0,0.0,0.0
8.89100003242,0.0,0.0,0.0
9.43799996376,0.0,0.0,0.0
6.92300009727,0.0,0.0,0.0
8.64200019836,0.0,0.0,0.0
7.17199993134,0.0,0.0,0.0
5.06299996376,0.0,0.0,0.0
2.81299996376,0.0,0.0,0.0
2.32800006866,0.0,0.0,0.0
1.9849998951,0.0,0.0,0.0
1.65600013733,0.0,0.0,0.0
0.483999967575,0.0,0.0,0.0
0.0,0.0,0.0,0.0
0.0,0.0,0.0,0.0
11.9539999962,0.0,0.0,0.0
11.8289999962,0.0,0.0,0.0
10.4379999638,0.0,0.0,0.0
8.25100016594,0.0,0.0,0.0
7.25,0.0,0.0,0.0
4.6099998951,0.0,0.0,0.0
2.5,0.0,0.0,0.0
2.14100003242,0.0,0.0,0.0
2.70399999619,0.0,0.0,0.0
2.70399999619,0.0,0.0,0.0
0.359000205994,0.0,0.0,0.0
0.0,0.0,0.0,0.0
0.0,0.0,0.0,0.0
13.6570000648,0.0,0.0,0.0
11.8349997997,0.0,0.0,0.0
10.5350000858,0.0,0.0,0.0
7.98500013351,0.0,0.0,0.0
7.14099979401,0.0,0.0,0.0
3.625,0.0,0.0,0.0
3.2650001049,0.0,0.0,0.0
2.42199993134,0.0,0.0,0.0
2.01600003242,0.0,0.0,0.0
1.81200003624,0.0,0.0,0.0
0.547000169754,0.0,0.0,0.0
0.0,0.0,0.0,0.0
0.0,0.0,0.0,0.0
10.6259999275,0.0,0.0,0.0
11.0929999352,0.0,0.0,0.0
9.40700006485,0.0,0.0,0.0
9.42299985886,0.0,0.0,0.0
8.01600003242,0.0,0.0,0.0
6.29699993134,0.0,0.0,0.0
5.04699993134,0.0,0.0,0.0
3.61000013351,0.0,0.0,0.0
1.79700016975,0.0,0.0,0.0
1.70299983025,0.0,0.0,0.0
0.18799996376,0.0,0.0,0.0
0.0,0.0,0.0,0.0
0.0,0.0,0.0,0.0
9.14200019836,0.0,0.0,0.0
8.52899980545,0.0,0.0,0.0
7.04800009727,0.0,0.0,0.0
8.06299996376,0.0,0.0,0.0
7.875,0.0,0.0,0.0
3.42199993134,0.0,0.0,0.0
3.51600003242,0.0,0.0,0.0
2.73500013351,0.0,0.0,0.0
2.34399986267,0.0,0.0,0.0
1.1099998951,0.0,0.0,0.0
0.391000032425,0.0,0.0,0.0
0.0,0.0,0.0,0.0
0.0,0.0,0.0,0.0
9.98300004005,0.0,0.0,0.0
12.4700000286,0.0,0.0,0.0
12.1700000763,0.00100016593933,0.0,0.0
7.69400000572,0.0,0.0,0.0
7.78099989891,0.0,0.0,0.0
5.26600003242,0.0,0.0,0.0
4.17300009727,0.0,0.0,0.0
2.32800006866,0.0,0.0,0.0
2.54800009727,0.0,0.0,0.0
2.68700003624,0.0,0.0,0.0
0.0160000324249,0.0,0.0,0.0
0.0,0.0,0.0,0.0
0.0,0.0,0.0,0.0
11.8910000324,0.0,0.0,0.0
11.2200000286,0.0,0.0,0.0
7.18799996376,0.0,0.0,0.0
8.17199993134,0.0,0.0,0.0
7.46900010109,0.0,0.0,0.0
6.29800009727,0.0,0.0,0.0
4.89100003242,0.0,0.0,0.0
2.45300006866,0.0,0.0,0.0
1.84399986267,0.0,0.0,0.0
2.39100003242,0.0,0.0,0.0
0.5,0.0,0.0,0.0
0.0,0.0,0.0,0.0
0.0,0.0,0.0,0.0
8.75099992752,0.0,0.0,0.0
7.68800020218,0.0,0.0,0.0
8.04699993134,0.0,0.0,0.0
10.2039999962,0.0,0.0,0.0
7.1099998951,0.0,0.0,0.0
5.68799996376,0.0,0.0,0.0
3.28100013733,0.0,0.0,0.0
2.45299983025,0.0,0.0,0.0
2.11000013351,0.0,0.0,0.0
2.18799996376,0.0,0.0,0.0
0.516000032425,0.0,0.0,0.0
0.0150001049042,0.0,0.0,0.0
0.0,0.0,0.0,0.0
8.56299996376,0.0,0.0,0.0
10.1730000973,0.0,0.0,0.0
11.0479998589,0.0,0.0,0.0
9.40600013733,0.0,0.0,0.0
7.20399999619,0.0,0.0,0.0
4.79699993134,0.0,0.0,0.0
3.89100003242,0.0,0.0,0.0
2.79699993134,0.0,0.0,0.0
1.70300006866,0.0,0.0,0.0
1.96899986267,0.0,0.0,0.0
0.0780000686646,0.0,0.0,0.0
0.0,0.0,0.0,0.0
0.0,0.0,0.0,0.0
9.87599992752,0.0,0.0,0.0
10.0789999962,0.0,0.0,0.0
8.04799985886,0.0,0.0,0.0
7.45300006866,0.0,0.0,0.0
7.03200006485,0.0,0.0,0.0
4.34399986267,0.0,0.0,0.0
4.07800006866,0.0,0.0,0.0
2.86000013351,0.0,0.0,0.0
1.875,0.0,0.0,0.0
1.93799996376,0.0,0.0,0.0
0.0469999313354,0.0,0.0,0.0
0.0,0.0,0.0,0.0
0.0,0.0,0.0,0.0
12.1890001297,0.0,0.0,0.0
9.76200008392,0.0,0.0,0.0
7.4849998951,0.0,0.0,0.0
7.95399999619,0.0,0.0,0.0
6.70300006866,0.0,0.0,0.0
4.67299985886,0.0,0.0,0.0
2.67200016975,0.0,0.0,0.0
2.06199979782,0.0,0.0,0.0
1.39100003242,0.0,0.0,0.0
0.953000068665,0.0,0.0,0.0
0.0629999637604,0.0,0.0,0.0
0.0,0.0,0.0,0.0
0.0,0.0,0.0,0.0
11.2829999924,0.0,0.0,0.0
11.3440001011,0.0,0.0,0.0
10.3129999638,0.0,0.0,0.0
8.28200006485,0.0,0.0,0.0
6.20499992371,0.0,0.0,0.0
5.09400010109,0.0,0.0,0.0
3.59399986267,0.0,0.0,0.0
3.21900010109,0.0,0.0,0.0
2.51499986649,0.0,0.0,0.0
2.06299996376,0.0,0.0,0.0
0.0,0.0,0.0,0.0
0.0,0.0,0.0,0.0
0.0,0.0,0.0,0.0
12.7980000973,0.0,0.0,0.0
8.375,0.0,0.0,0.0
9.64199995995,0.0,0.0,0.0
8.51600003242,0.0,0.0,0.0
6.93799996376,0.0,0.0,0.0
5.21899986267,0.0,0.0,0.0
4.34400010109,0.0,0.0,0.0
2.93799996376,0.0,0.0,0.0
2.10899996758,0.0,0.0,0.0
2.04700016975,0.0,0.0,0.0
0.18700003624,0.0,0.0,0.0
0.0,0.0,0.0,0.0
0.0,0.0,0.0,0.0
8.79699993134,0.0,0.0,0.0
8.42299985886,0.0,0.0,0.0
10.0320000648,0.0,0.0,0.0
7.76599979401,0.0,0.0,0.0
6.81299996376,0.0,0.0,0.0
4.56300020218,0.0,0.0,0.0
3.23399996758,0.0,0.0,0.0
2.26600003242,0.0,0.0,0.0
1.70399999619,0.0,0.0,0.0
1.96900010109,0.0,0.0,0.0
0.0469999313354,0.0,0.0,0.0
0.0,0.0,0.0,0.0
0.0,0.0,0.0,0.0
11.0469999313,0.0,0.0,0.0
7.34500002861,0.0,0.0,0.0
10.2039999962,0.0,0.0,0.0
9.7349998951,0.0,0.0,0.0
6.39100003242,0.0,0.0,0.0
5.42299985886,0.0,0.0,0.0
4.82799983025,0.0,0.0,0.0
2.42199993134,0.0,0.0,0.0
1.31200003624,0.0,0.0,0.0
1.53100013733,0.0,0.0,0.0
0.281000137329,0.0,0.0,0.0
0.0,0.0,0.0,0.0
0.0,0.0,0.0,0.0
15.9230000973,0.0,0.0,0.0
12.9230000973,0.0,0.0,0.0
6.78099989891,0.0,0.0,0.0
8.07899999619,0.0,0.0,0.0
7.53200006485,0.0,0.0,0.0
4.9849998951,0.0,0.0,0.0
3.17199993134,0.0,0.0,0.0
2.125,0.0,0.0,0.0
1.60500001907,0.0,0.0,0.0
1.59500002861,0.0,0.0,0.0
0.233999967575,0.0,0.0,0.0
0.0,0.0,0.0,0.0
0.0,0.0,0.0,0.0
10.375,0.0,0.0,0.0
10.2670001984,0.0,0.0,0.0
9.81299996376,0.0,0.0,0.0
8.71899986267,0.0,0.0,0.0
8.09500002861,0.0,0.0,0.0
5.28100013733,0.0,0.0,0.0
3.56300020218,0.0,0.0,0.0
2.51899981499,0.0,0.0,0.0
2.00600004196,0.0,0.0,0.0
1.79699993134,0.0,0.0,0.0
0.077999830246,0.0,0.0,0.0
0.0,0.0,0.0,0.0
0.0,0.0,0.0,0.0
9.26600003242,0.0,0.0,0.0
9.90699982643,0.0,0.0,0.0
9.90700006485,0.0,0.0,0.0
8.87599992752,0.0,0.0,0.0
7.59400010109,0.0,0.0,0.0
5.34399986267,0.0,0.0,0.0
3.0,0.0,0.0,0.0
2.25,0.0,0.0,0.0
1.56299996376,0.0,0.0,0.0
2.04699993134,0.0,0.0,0.0
0.0780000686646,0.0,0.0,0.0
0.0,0.0,0.0,0.0
0.0,0.0,0.0,0.0
8.67199993134,0.0,0.0,0.0
11.2980000973,0.0,0.0,0.0
9.84400010109,0.0,0.0,0.0
8.32899999619,0.0,0.0,0.0
6.78999996185,0.0,0.0,0.0
3.89100003242,0.0,0.0,0.0
2.82799983025,0.0,0.0,0.0
2.11000013351,0.0,0.0,0.0
1.73000001907,0.0,0.0,0.0
1.56200003624,0.0,0.0,0.0
0.0,0.0,0.0,0.0
0.0150001049042,0.0,0.0,0.0
0.0,0.0,0.0,0.0
9.32899999619,0.0,0.0,0.0
11.2400000095,0.0,0.0,0.0
7.61000013351,0.0,0.0,0.0
11.4700000286,0.0,0.0,0.0
7.79700016975,0.0,0.0,0.0
6.01599979401,0.0,0.0,0.0
2.89100003242,0.0,0.0,0.0
3.20399999619,0.0,0.0,0.0
2.40600013733,0.0,0.0,0.0
1.76600003242,0.0,0.0,0.0
0.40700006485,0.0,0.0,0.0
0.0,0.0,0.0,0.0
0.0,0.0,0.0,0.0
9.37600016594,0.0,0.0,0.0
13.5950000286,0.0,0.0,0.0
8.59400010109,0.0,0.0,0.0
8.78199982643,0.0,0.0,0.0
6.04700016975,0.0,0.0,0.0
5.62599992752,0.0,0.0,0.0
3.48399996758,0.0,0.0,0.0
2.37599992752,0.0,0.0,0.0
1.53200006485,0.0,0.0,0.0
1.59400010109,0.0,0.0,0.0
0.40700006485,0.0,0.0,0.0
0.0,0.0,0.0,0.0
0.0,0.0,0.0,0.0
9.21200013161,0.0,0.0,0.0
8.71999979019,0.0,0.0,0.0
8.5,0.0,0.0,0.0
7.07899999619,0.0,0.0,0.0
8.00100016594,0.0,0.0,0.0
3.71899986267,0.0,0.0,0.0
3.18700003624,0.0,0.0,0.0
2.59400010109,0.0,0.0,0.0
1.59399986267,0.0,0.0,0.0
2.65700006485,0.0,0.0,0.0
0.264999866486,0.0,0.0,0.0
0.0,0.0,0.0,0.0
0.0,0.0,0.0,0.0
9.03199982643,0.0,0.0,0.0
12.8299999237,0.0,0.0,0.0
8.25,0.0,0.0,0.0
8.56299996376,0.0,0.0,0.0
7.51600003242,0.0,0.0,0.0
4.54699993134,0.0,0.0,0.0
3.36000013351,0.0,0.0,0.0
2.23500013351,0.0,0.0,0.0
1.88999986649,0.0,0.0,0.0
2.01600003242,0.0,0.0,0.0
0.0939998626709,0.0,0.0,0.0
0.0,0.0,0.0,0.0
0.0,0.0,0.0,0.0
9.26600003242,0.0,0.0,0.0
10.2039999962,0.0,0.0,0.0
9.89199995995,0.0,0.0,0.0
7.75,0.0,0.0,0.0
6.89100003242,0.0,0.0,0.0
4.28200006485,0.0,0.0,0.0
3.56299996376,0.0,0.0,0.0
2.42199993134,0.0,0.0,0.0
1.64100003242,0.0,0.0,0.0
1.59399986267,0.0,0.0,0.0
0.296999931335,0.0,0.0,0.0
0.0,0.0,0.0,0.0
0.0,0.0,0.0,0.0
9.68800020218,0.0,0.0,0.0
8.03200006485,0.0,0.0,0.0
8.26600003242,0.0,0.0,0.0
7.39100003242,0.0,0.0,0.0
6.92199993134,0.0,0.0,0.0
6.11000013351,0.0,0.0,0.0
3.48399996758,0.0,0.0,0.0
2.43800020218,0.0,0.0,0.0
1.92199993134,0.0,0.0,0.0
0.68700003624,0.0,0.0,0.0
0.375,0.0,0.0,0.0
0.0,0.0,0.0,0.0
0.0,0.0,0.0,0.0
9.47000002861,0.0,0.0,0.0
9.78200006485,0.0,0.0,0.0
8.45399999619,0.0,0.0,0.0
8.37600016594,0.0,0.0,0.0
6.90700006485,0.0,0.0,0.0
5.09399986267,0.0,0.0,0.0
2.375,0.0,0.0,0.0
3.19500017166,0.0,0.0,0.0
1.375,0.0,0.0,0.0
2.57899999619,0.0,0.0,0.0
0.0150001049042,0.0,0.0,0.0
0.0,0.0,0.0,0.0
0.0,0.0,0.0,0.0
10.6879999638,0.0,0.0,0.0
10.5320000648,0.0,0.0,0.0
10.2039999962,0.0,0.0,0.0
8.65700006485,0.0,0.0,0.0
6.31299996376,0.0,0.0,0.0
4.90599989891,0.0,0.0,0.0
4.98500013351,0.0,0.0,0.0
3.62599992752,0.0,0.0,0.0
2.01600003242,0.0,0.0,0.0
1.70299983025,0.0,0.0,0.0
0.0,0.0,0.0,0.0
0.0,0.0,0.0,0.0
0.0,0.0,0.0,0.0
12.0199999809,0.0,0.0,0.0
9.78200006485,0.0,0.0,0.0
11.3910000324,0.0,0.0,0.0
8.18799996376,0.0,0.0,0.0
7.20399999619,0.0,0.0,0.0
5.28100013733,0.0,0.0,0.0
4.15699982643,0.0,0.0,0.0
3.61000013351,0.0,0.0,0.0
2.43800020218,0.0,0.0,0.0
2.48400020599,0.0,0.0,0.0
0.25,0.0,0.0,0.0
0.0,0.0,0.0,0.0
0.0,0.0,0.0,0.0
14.7200000286,0.0,0.0,0.0
11.5010001659,0.0,0.0,0.0
8.76599979401,0.0,0.0,0.0
8.34500002861,0.0,0.0,0.0
4.82899999619,0.0,0.0,0.0
4.43799996376,0.0,0.0,0.0
2.375,0.0,0.0,0.0
2.89100003242,0.0,0.0,0.0
2.57899999619,0.0,0.0,0.0
0.233999967575,0.0,0.0,0.0
0.18700003624,0.0,0.0,0.0
0.0,0.0,0.0,0.0
0.0,0.0,0.0,0.0
11.3770000935,0.0,0.0,0.0
9.65399980545,0.0,0.0,0.0
9.45399999619,0.0,0.0,0.0
8.125,0.0,0.0,0.0
7.82899999619,0.0,0.0,0.0
4.44099998474,0.0,0.0,0.0
3.48500013351,0.0,0.0,0.0
2.67200016975,0.0,0.0,0.0
1.40699982643,0.0,0.0,0.0
1.70399999619,0.0,0.0,0.0
0.125,0.0,0.0,0.0
0.0,0.0,0.0,0.0
0.0,0.0,0.0,0.0
9.04699993134,0.0,0.0,0.0
11.1729998589,0.0,0.0,0.0
9.37600016594,0.0,0.0,0.0
9.06299996376,0.0,0.0,0.0
6.9540002346,0.0,0.0,0.0
5.04699993134,0.0,0.0,0.0
3.26600003242,0.0,0.0,0.0
2.89100003242,0.0,0.0,0.0
1.75,0.0,0.0,0.0
3.18799996376,0.0,0.0,0.0
0.31299996376,0.0,0.0,0.0
0.0,0.0,0.0,0.0
0.0,0.0,0.0,0.0
10.7660000324,0.0,0.0,0.0
10.0629999638,0.0,0.0,0.0
9.72000002861,0.0,0.0,0.0
7.68799996376,0.0,0.0,0.0
8.06299996376,0.0,0.0,0.0
5.11000013351,0.0,0.0,0.0
4.15599989891,0.0,0.0,0.0
2.15700006485,0.0,0.0,0.0
1.64100003242,0.0,0.0,0.0
0.391000032425,0.0,0.0,0.0
0.358999967575,0.0,0.0,0.0
0.0,0.0,0.0,0.0
0.0,0.0,0.0,0.0
9.54800009727,0.0,0.0,0.0
9.46899986267,0.0,0.0,0.0
10.4230000973,0.0,0.0,0.0
8.90700006485,0.0,0.0,0.0
7.82899999619,0.0,0.0,0.0
4.59399986267,0.0,0.0,0.0
4.125,0.0,0.0,0.0
2.92200016975,0.0,0.0,0.0
1.875,0.0,0.0,0.0
1.67199993134,0.0,0.0,0.0
0.453000068665,0.0,0.0,0.0
0.0,0.0,0.0,0.0
0.0,0.0,0.0,0.0
10.4699997902,0.0,0.0,0.0
10.6100001335,0.0,0.0,0.0
9.53200006485,0.0,0.0,0.0
7.71899986267,0.0,0.0,0.0
7.61000013351,0.0,0.0,0.0
3.4849998951,0.0,0.0,0.0
4.03199982643,0.0,0.0,0.0
3.11000013351,0.0,0.0,0.0
2.29699993134,0.0,0.0,0.0
1.79700016975,0.0,0.0,0.0
0.0,0.0,0.0,0.0
0.0,0.0,0.0,0.0
0.0,0.0,0.0,0.0
8.85799980164,0.0,0.0,0.0
10.2980000973,0.0,0.0,0.0
10.1879999638,0.0,0.0,0.0
8.86000013351,0.0,0.0,0.0
6.75099992752,0.0,0.0,0.0
6.39100003242,0.0,0.0,0.0
3.71900010109,0.0,0.0,0.0
2.70299983025,0.0,0.0,0.0
1.95300006866,0.0,0.0,0.0
1.54699993134,0.0,0.0,0.0
0.5,0.0,0.0,0.0
0.0,0.0,0.0,0.0
0.0,0.0,0.0,0.0
9.43799996376,0.0,0.0,0.0
8.51600003242,0.0,0.0,0.0
8.20399999619,0.0,0.0,0.0
9.03200006485,0.0,0.0,0.0
7.42199993134,0.0,0.0,0.0
4.11000013351,0.0,0.0,0.0
3.76599979401,0.0,0.0,0.0
2.54699993134,0.0,0.0,0.0
1.53099989891,0.0,0.0,0.0
0.422000169754,0.0,0.0,0.0
0.0,0.0,0.0,0.0
0.0,0.0,0.0,0.0
0.0,0.0,0.0,0.0
12.5949997902,0.0,0.0,0.0
11.359000206,0.0,0.0,0.0
10.640999794,0.0,0.0,0.0
6.367000103,0.0,0.0,0.0
6.31299996376,0.0,0.0,0.0
3.5,0.0,0.0,0.0
3.73500013351,0.0,0.0,0.0
2.625,0.0,0.0,0.0
1.70399999619,0.0,0.0,0.0
1.98399996758,0.0,0.0,0.0
0.359999895096,0.0,0.0,0.0
0.0,0.0,0.0,0.0
0.0,0.0,0.0,0.0
9.47000002861,0.0,0.0,0.0
11.2599999905,0.0,0.0,0.0
9.25099992752,0.0,0.0,0.0
7.61199998856,0.0,0.0,0.0
6.53200006485,0.0,0.0,0.0
4.21899986267,0.0,0.0,0.0
2.04700016975,0.0,0.0,0.0
1.81299996376,0.0,0.0,0.0
1.45399999619,0.0,0.0,0.0
2.82800006866,0.0,0.0,0.0
0.0,0.0,0.0,0.0
0.0,0.0,0.0,0.0
0.0,0.0,0.0,0.0
11.2510001659,0.0,0.0,0.0
12.1419999599,0.0,0.0,0.0
10.875,0.0,0.0,0.0
8.79699993134,0.0,0.0,0.0
6.87599992752,0.0,0.0,0.0
4.06200003624,0.0,0.0,0.0
2.28200006485,0.0,0.0,0.0
1.93799996376,0.0,0.0,0.0
1.75,0.0,0.0,0.0
1.76599979401,0.0,0.0,0.0
0.453000068665,0.0,0.0,0.0
0.0,0.0,0.0,0.0
0.0,0.0,0.0,0.0
10.2349998951,0.0,0.0,0.0
10.6570000648,0.0,0.0,0.0
9.90700006485,0.0,0.0,0.0
7.07899999619,0.0,0.0,0.0
6.84399986267,0.0,0.0,0.0
4.64100003242,0.0,0.0,0.0
3.68700003624,0.0,0.0,0.0
3.70299983025,0.0,0.0,0.0
1.76599979401,0.0,0.0,0.0
1.89100003242,0.0,0.0,0.0
0.0879998207092,0.0,0.0,0.0
0.000999927520752,0.0,0.0,0.0
0.0,0.0,0.0,0.0
10.0849997997,0.0,0.0,0.0
10.4540002346,0.0,0.0,0.0
9.14199995995,0.0,0.0,0.0
8.8599998951,0.0,0.0,0.0
6.84400010109,0.0,0.0,0.0
5.15599989891,0.0,0.0,0.0
3.92199993134,0.0,0.0,0.0
3.28200006485,0.0,0.0,0.0
1.71900010109,0.0,0.0,0.0
1.62599992752,0.0,0.0,0.0
0.0150001049042,0.0,0.0,0.0
0.0,0.0,0.0,0.0
0.0,0.0,0.0,0.0
6.97000002861,0.0,0.0,0.0
8.0,0.0,0.0,0.0
9.72000002861,0.0,0.0,0.0
7.4849998951,0.0,0.0,0.0
5.31200003624,0.0,0.0,0.0
4.54800009727,0.0,0.0,0.0
3.96899986267,0.0,0.0,0.0
2.64100003242,0.0,0.0,0.0
1.48399996758,0.0,0.0,0.0
0.515000104904,0.0,0.0,0.0
0.0,0.0,0.0,0.0
0.0,0.0,0.0,0.0
0.0,0.0,0.0,0.0
8.78200006485,0.0,0.0,0.0
8.42300009727,0.0,0.0,0.0
9.18799996376,0.0,0.0,0.0
8.04699993134,0.0,0.0,0.0
6.92300009727,0.0,0.0,0.0
4.93700003624,0.0,0.0,0.0
3.71899986267,0.0,0.0,0.0
2.98500013351,0.0,0.0,0.0
2.07800006866,0.0,0.0,0.0
2.31299996376,0.0,0.0,0.0
0.280999898911,0.0,0.0,0.0
0.0,0.0,0.0,0.0
0.0,0.0,0.0,0.0
12.0789999962,0.0,0.0,0.0
10.6729998589,0.0,0.0,0.0
10.9850001335,0.0,0.0,0.0
8.92299985886,0.0,0.0,0.0
7.56300020218,0.0,0.0,0.0
4.53099989891,0.0,0.0,0.0
3.0,0.0,0.0,0.0
2.71900010109,0.0,0.0,0.0
2.18799996376,0.0,0.0,0.0
1.45299983025,0.0,0.0,0.0
0.343000173569,0.0,0.0,0.0
0.0,0.0,0.0,0.0
0.0,0.0,0.0,0.0
10.5950000286,0.0,0.0,0.0
10.75,0.0,0.0,0.0
9.51699995995,0.0,0.0,0.0
7.17199993134,0.0,0.0,0.0
6.40700006485,0.0,0.0,0.0
6.17199993134,0.0,0.0,0.0
2.90699982643,0.0,0.0,0.0
2.04700016975,0.0,0.0,0.0
1.43799996376,0.0,0.0,0.0
1.81299996376,0.0,0.0,0.0
0.0159997940063,0.0,0.0,0.0
0.0,0.0,0.0,0.0
0.0,0.0,0.0,0.0
9.31299996376,0.0,0.0,0.0
12.0789999962,0.0,0.0,0.0
10.1099998951,0.0,0.0,0.0
7.73500013351,0.0,0.0,0.0
6.31299996376,0.0,0.0,0.0
5.20399999619,0.0,0.0,0.0
3.1099998951,0.0,0.0,0.0
1.93700003624,0.0,0.0,0.0
1.53099989891,0.0,0.0,0.0
1.40700006485,0.0,0.0,0.0
0.0160000324249,0.0,0.0,0.0
0.0160000324249,0.0,0.0,0.0
0.0,0.0,0.0,0.0
10.1720001698,0.0,0.0,0.0
9.51599979401,0.0,0.0,0.0
9.17300009727,0.0,0.0,0.0
8.48099994659,0.0,0.0,0.0
7.93799996376,0.0,0.0,0.0
4.29800009727,0.0,0.0,0.0
4.51600003242,0.0,0.0,0.0
2.81299996376,0.0,0.0,0.0
1.8069999218,0.0,0.0,0.0
1.62200021744,0.0,0.0,0.0
0.25,0.0,0.0,0.0
0.0,0.0,0.0,0.0
0.0,0.0,0.0,0.0
11.2820000648,0.0,0.0,0.0
11.1259999275,0.0,0.0,0.0
9.42300009727,0.0,0.0,0.0
8.78200006485,0.0,0.0,0.0
7.375,0.0,0.0,0.0
5.33899998665,0.0,0.0,0.0
2.79699993134,0.0,0.0,0.0
2.28200006485,0.0,0.0,0.0
2.125,0.0,0.0,0.0
2.21900010109,0.0,0.0,0.0
0.186999797821,0.0,0.0,0.0
0.0,0.0,0.0,0.0
0.0,0.0,0.0,0.0
9.0,0.0,0.0,0.0
12.4859998226,0.0,0.0,0.0
9.59400010109,0.0,0.0,0.0
8.79799985886,0.0,0.0,0.0
7.35900020599,0.0,0.0,0.0
5.03199982643,0.0,0.0,0.0
3.75,0.0,0.0,0.0
2.45300006866,0.0,0.0,0.0
1.875,0.0,0.0,0.0
1.4849998951,0.0,0.0,0.0
0.0469999313354,0.0,0.0,0.0
0.0,0.0,0.0,0.0
0.0,0.0,0.0,0.0
12.7200000286,0.0,0.0,0.0
11.0320000648,0.0,0.0,0.0
9.48500013351,0.0,0.0,0.0
7.34500002861,0.0,0.0,0.0
6.23399996758,0.0,0.0,0.0
5.12599992752,0.0,0.0,0.0
3.89100003242,0.0,0.0,0.0
2.625,0.0,0.0,0.0
1.90600013733,0.0,0.0,0.0
1.68700003624,0.0,0.0,0.0
0.0780000686646,0.0,0.0,0.0
0.0,0.0,0.0,0.0
0.0,0.0,0.0,0.0
9.125,0.0,0.0,0.0
11.1730000973,0.0,0.0,0.0
9.01600003242,0.0,0.0,0.0
9.26699995995,0.0,0.0,0.0
7.71899986267,0.0,0.0,0.0
5.59400010109,0.0,0.0,0.0
3.46900010109,0.0,0.0,0.0
2.76600003242,0.0,0.0,0.0
1.70299983025,0.0,0.0,0.0
0.53200006485,0.0,0.0,0.0
0.577999830246,0.0,0.0,0.0
0.0,0.0,0.0,0.0
0.0,0.0,0.0,0.0
12.1419999599,0.0,0.0,0.0
11.0240001678,0.0,0.0,0.0
8.93799996376,0.0,0.0,0.0
8.43400001526,0.0,0.0,0.0
5.95700001717,0.0,0.0,0.0
4.31299996376,0.0,0.0,0.0
3.86000013351,0.0,0.0,0.0
2.67199993134,0.0,0.0,0.0
1.85899996758,0.0,0.0,0.0
2.57800006866,0.0,0.0,0.0
0.0469999313354,0.0,0.0,0.0
0.0,0.0,0.0,0.0
0.0,0.0,0.0,0.0
10.7509999275,0.0,0.0,0.0
8.90700006485,0.0,0.0,0.0
9.56299996376,0.0,0.0,0.0
7.82899999619,0.0,0.0,0.0
8.34400010109,0.0,0.0,0.0
4.68799996376,0.0,0.0,0.0
2.875,0.0,0.0,0.0
2.45399999619,0.0,0.0,0.0
1.48500013351,0.0,0.0,0.0
1.43700003624,0.0,0.0,0.0
0.0160000324249,0.0,0.0,0.0
0.0,0.0,0.0,0.0
0.0,0.0,0.0,0.0
12.111000061,0.0,0.0,0.0
11.4849998951,0.0,0.0,0.0
9.50099992752,0.0,0.0,0.0
6.64100003242,0.0,0.0,0.0
10.1570000648,0.0,0.0,0.0
5.54800009727,0.0,0.0,0.0
5.03200006485,0.0,0.0,0.0
3.75099992752,0.0,0.0,0.0
1.68799996376,0.0,0.0,0.0
1.95399999619,0.0,0.0,0.0
0.0,0.0,0.0,0.0
0.0,0.0,0.0,0.0
0.0,0.0,0.0,0.0
8.95300006866,0.0,0.0,0.0
10.7669999599,0.0,0.0,0.0
9.23500013351,0.0,0.0,0.0
7.68799996376,0.0,0.0,0.0
7.65700006485,0.0,0.0,0.0
4.35899996758,0.0,0.0,0.0
3.03199982643,0.0,0.0,0.0
2.75,0.0,0.0,0.0
1.75,0.0,0.0,0.0
1.46799993515,0.0,0.0,0.0
0.0160000324249,0.0,0.0,0.0
0.0,0.0,0.0,0.0
0.0,0.0,0.0,0.0
10.7669999599,0.0,0.0,0.0
11.2039999962,0.0,0.0,0.0
9.0,0.0,0.0,0.0
5.86000013351,0.0,0.0,0.0
7.04699993134,0.0,0.0,0.0
5.50099992752,0.0,0.0,0.0
3.53100013733,0.0,0.0,0.0
2.45399999619,0.0,0.0,0.0
1.85899996758,0.0,0.0,0.0
2.06199979782,0.0,0.0,0.0
0.0620000362396,0.0,0.0,0.0
0.0,0.0,0.0,0.0
0.0,0.0,0.0,0.0
8.70399999619,0.0,0.0,0.0
14.9539999962,0.0,0.0,0.0
9.39100003242,0.0,0.0,0.0
8.15399980545,0.0,0.0,0.0
7.81299996376,0.0,0.0,0.0
5.28200006485,0.0,0.0,0.0
3.43799996376,0.0,0.0,0.0
2.78099989891,0.0,0.0,0.0
1.375,0.0,0.0,0.0
1.84399986267,0.0,0.0,0.0
0.608999967575,0.0,0.0,0.0
0.0,0.0,0.0,0.0
0.0,0.0,0.0,0.0
13.1410000324,0.0,0.0,0.0
8.90700006485,0.0,0.0,0.0
9.21899986267,0.0,0.0,0.0
7.70399999619,0.0,0.0,0.0
7.36000013351,0.0,0.0,0.0
4.625,0.0,0.0,0.0
3.42299985886,0.0,0.0,0.0
2.28100013733,0.0,0.0,0.0
1.48500013351,0.0,0.0,0.0
2.03200006485,0.0,0.0,0.0
0.0780000686646,0.0,0.0,0.0
0.0,0.0,0.0,0.0
0.0,0.0,0.0,0.0
11.5160000324,0.0,0.0,0.0
13.2350001335,0.0,0.0,0.0
9.81599998474,0.0,0.0,0.0
8.23500013351,0.0,0.0,0.0
7.03200006485,0.0,0.0,0.0
4.92199993134,0.0,0.0,0.0
3.40599989891,0.0,0.0,0.0
2.70300006866,0.0,0.0,0.0
1.76600003242,0.0,0.0,0.0
2.15599989891,0.0,0.0,0.0
0.640000104904,0.0,0.0,0.0
0.0,0.0,0.0,0.0
0.0,0.0,0.0,0.0
10.5629999638,0.0,0.0,0.0
12.1889998913,0.0,0.0,0.0
9.70300006866,0.0,0.0,0.0
8.54800009727,0.0,0.0,0.0
7.01600003242,0.0,0.0,0.0
4.4849998951,0.0,0.0,0.0
4.64099979401,0.0,0.0,0.0
2.21799993515,0.0,0.0,0.0
1.48500013351,0.0,0.0,0.0
2.89100003242,0.0,0.0,0.0
0.56200003624,0.0,0.0,0.0
0.0,0.0,0.0,0.0
0.0,0.0,0.0,0.0
11.8600001335,0.0,0.0,0.0
11.4229998589,0.0,0.0,0.0
9.78200006485,0.0,0.0,0.0
9.03200006485,0.0,0.0,0.0
6.81299996376,0.0,0.0,0.0
5.32899999619,0.0,0.0,0.0
4.01600003242,0.0,0.0,0.0
2.88999986649,0.0,0.0,0.0
1.82899999619,0.0,0.0,0.0
2.10900020599,0.0,0.0,0.0
0.25,0.0,0.0,0.0
0.0,0.0,0.0,0.0
0.0,0.0,0.0,0.0
8.90700006485,0.0,0.0,0.0
11.3910000324,0.0,0.0,0.0
10.507999897,0.0,0.0,0.0
8.70200014114,0.0,0.0,0.0
7.375,0.0,0.0,0.0
4.53199982643,0.0,0.0,0.0
3.45300006866,0.0,0.0,0.0
2.68799996376,0.0,0.0,0.0
1.65600013733,0.0,0.0,0.0
1.59399986267,0.0,0.0,0.0
0.453000068665,0.0,0.0,0.0
0.0,0.0,0.0,0.0
0.0,0.0,0.0,0.0
13.8599998951,0.0,0.0,0.0
12.0320000648,0.0,0.0,0.0
9.15700006485,0.0,0.0,0.0
7.82899999619,0.0,0.0,0.0
7.0,0.0,0.0,0.0
5.17299985886,0.0,0.0,0.0
3.95399999619,0.0,0.0,0.0
2.79699993134,0.0,0.0,0.0
1.79700016975,0.0,0.0,0.0
2.875,0.0,0.0,0.0
0.266000032425,0.0,0.0,0.0
0.0,0.0,0.0,0.0
0.0,0.0,0.0,0.0
11.2979998589,0.0,0.0,0.0
9.84500002861,0.0,0.0,0.0
9.93799996376,0.0,0.0,0.0
8.53200006485,0.0,0.0,0.0
7.4849998951,0.0,0.0,0.0
3.89100003242,0.0,0.0,0.0
3.20399999619,0.0,0.0,0.0
3.0,0.0,0.0,0.0
2.23400020599,0.0,0.0,0.0
1.84400010109,0.0,0.0,0.0
0.047000169754,0.0,0.0,0.0
0.0,0.0,0.0,0.0
0.0,0.0,0.0,0.0
14.7349998951,0.0,0.0,0.0
9.79699993134,0.0,0.0,0.0
9.73500013351,0.0,0.0,0.0
7.76699995995,0.0,0.0,0.0
6.07800006866,0.0,0.0,0.0
5.40699982643,0.0,0.0,0.0
3.93800020218,0.0,0.0,0.0
2.84299993515,0.0,0.0,0.0
1.7349998951,0.0,0.0,0.0
1.82800006866,0.0,0.0,0.0
0.343999862671,0.0,0.0,0.0
0.0150001049042,0.0,0.0,0.0
0.0,0.0,0.0,0.0
9.34200000763,0.0,0.0,0.0
9.34200000763,0.0,0.0,0.0
8.43899989128,0.0,0.0,0.0
8.09400010109,0.0,0.0,0.0
7.82899999619,0.0,0.0,0.0
4.125,0.0,0.0,0.0
4.125,0.0,0.0,0.0
2.6099998951,0.0,0.0,0.0
1.48400020599,0.0,0.0,0.0
1.65600013733,0.0,0.0,0.0
0.266000032425,0.0,0.0,0.0
0.0,0.0,0.0,0.0
0.0,0.0,0.0,0.0
8.86000013351,0.0,0.0,0.0
11.0160000324,0.0,0.0,0.0
9.00099992752,0.0,0.0,0.0
8.92199993134,0.0,0.0,0.0
6.53200006485,0.0,0.0,0.0
5.01600003242,0.0,0.0,0.0
3.875,0.0,0.0,0.0
2.125,0.0,0.0,0.0
2.46899986267,0.0,0.0,0.0
2.71899986267,0.0,0.0,0.0
0.266000032425,0.0,0.0,0.0
0.0,0.0,0.0,0.0
0.0,0.0,0.0,0.0
10.640999794,0.0,0.0,0.0
10.0010001659,0.0,0.0,0.0
8.39100003242,0.0,0.0,0.0
7.67199993134,0.0,0.0,0.0
6.39199995995,0.0,0.0,0.0
4.92199993134,0.0,0.0,0.0
4.01600003242,0.0,0.0,0.0
3.59400010109,0.0,0.0,0.0
3.18800020218,0.0,0.0,0.0
2.42199993134,0.0,0.0,0.0
0.390000104904,0.0,0.0,0.0
0.0,0.0,0.0,0.0
0.0,0.0,0.0,0.0
12.1499998569,0.0,0.0,0.0
9.48500013351,0.0,0.0,0.0
9.62599992752,0.0,0.0,0.0
7.17199993134,0.0,0.0,0.0
5.65700006485,0.0,0.0,0.0
4.73500013351,0.0,0.0,0.0
3.54699993134,0.0,0.0,0.0
2.60899996758,0.0,0.0,0.0
1.73399996758,0.0,0.0,0.0
1.61500000954,0.0,0.0,0.0
0.283000230789,0.0,0.0,0.0
0.0,0.0,0.0,0.0
0.0,0.0,0.0,0.0
14.236000061,0.0,0.0,0.0
10.5160000324,0.0,0.0,0.0
10.0320000648,0.0,0.0,0.0
8.54800009727,0.0,0.0,0.0
7.8599998951,0.0,0.0,0.0
5.34400010109,0.0,0.0,0.0
2.90199995041,0.0,0.0,0.0
2.36000013351,0.0,0.0,0.0
1.53200006485,0.0,0.0,0.0
1.54699993134,0.0,0.0,0.0
0.141000032425,0.0,0.0,0.0
0.0,0.0,0.0,0.0
0.0,0.0,0.0,0.0
10.0469999313,0.0,0.0,0.0
9.79800009727,0.0,0.0,0.0
8.25099992752,0.0,0.0,0.0
8.56299996376,0.0,0.0,0.0
7.50099992752,0.0,0.0,0.0
4.56299996376,0.0,0.0,0.0
3.3599998951,0.0,0.0,0.0
2.56299996376,0.0,0.0,0.0
1.79700016975,0.0,0.0,0.0
1.65700006485,0.0,0.0,0.0
0.0319998264313,0.0,0.0,0.0
0.0,0.0,0.0,0.0
0.0,0.0,0.0,0.0
14.9390001297,0.0,0.0,0.0
10.4230000973,0.0,0.0,0.0
9.31299996376,0.0,0.0,0.0
9.20399999619,0.0,0.0,0.0
7.375,0.0,0.0,0.0
5.3599998951,0.0,0.0,0.0
3.76600003242,0.0,0.0,0.0
2.70300006866,0.0,0.0,0.0
1.45299983025,0.0,0.0,0.0
2.625,0.0,0.0,0.0
0.327999830246,0.0,0.0,0.0
0.0,0.0,0.0,0.0
0.0,0.0,0.0,0.0
10.5,0.0,0.0,0.0
9.75,0.0,0.0,0.0
9.6099998951,0.0,0.0,0.0
8.54699993134,0.0,0.0,0.0
6.53200006485,0.0,0.0,0.0
4.54699993134,0.0,0.0,0.0
4.03100013733,0.0,0.0,0.0
2.53199982643,0.0,0.0,0.0
2.0,0.0,0.0,0.0
2.03100013733,0.0,0.0,0.0
0.0159997940063,0.0,0.0,0.0
0.0,0.0,0.0,0.0
0.0,0.0,0.0,0.0
14.7670001984,0.0,0.0,0.0
10.4279999733,0.0,0.0,0.0
8.01600003242,0.0,0.0,0.0
8.53200006485,0.0,0.0,0.0
6.95299983025,0.0,0.0,0.0
3.70399999619,0.0,0.0,0.0
4.10900020599,0.0,0.0,0.0
3.06299996376,0.0,0.0,0.0
1.45299983025,0.0,0.0,0.0
1.78100013733,0.0,0.0,0.0
0.0620000362396,0.0,0.0,0.0
0.0,0.0,0.0,0.0
0.0,0.0,0.0,0.0
9.43799996376,0.0,0.0,0.0
9.9849998951,0.0,0.0,0.0
9.32899999619,0.0,0.0,0.0
7.29800009727,0.0,0.0,0.0
6.28200006485,0.0,0.0,0.0
4.89100003242,0.0,0.0,0.0
3.68700003624,0.0,0.0,0.0
2.05999994278,0.0,0.0,0.0
1.28099989891,0.0,0.0,0.0
1.71900010109,0.0,0.0,0.0
0.0309998989105,0.0,0.0,0.0
0.0,0.0,0.0,0.0
0.0,0.0,0.0,0.0
12.6579999924,0.0,0.0,0.0
10.4850001335,0.0,0.0,0.0
10.3129999638,0.0,0.0,0.0
8.51599979401,0.0,0.0,0.0
6.14100003242,0.0,0.0,0.0
4.18799996376,0.0,0.0,0.0
3.18700003624,0.0,0.0,0.0
2.26600003242,0.0,0.0,0.0
2.25500011444,0.0,0.0,0.0
0.46799993515,0.0,0.0,0.0
0.858999967575,0.0,0.0,0.0
0.0,0.0,0.0,0.0
0.0,0.0,0.0,0.0
8.875,0.0,0.0,0.0
9.70399999619,0.0,0.0,0.0
8.29700016975,0.0,0.0,0.0
8.64099979401,0.0,0.0,0.0
7.03200006485,0.0,0.0,0.0
4.45399999619,0.0,0.0,0.0
3.53100013733,0.0,0.0,0.0
2.875,0.0,0.0,0.0
1.92199993134,0.0,0.0,0.0
1.92199993134,0.0,0.0,0.0
0.281999826431,0.0,0.0,0.0
0.0,0.0,0.0,0.0
0.0,0.0,0.0,0.0
13.7820000648,0.0,0.0,0.0
9.07899999619,0.0,0.0,0.0
9.50099992752,0.0,0.0,0.0
8.20399999619,0.0,0.0,0.0
7.76600003242,0.0,0.0,0.0
2.90599989891,0.0,0.0,0.0
3.90700006485,0.0,0.0,0.0
2.21900010109,0.0,0.0,0.0
1.64100003242,0.0,0.0,0.0
2.0,0.0,0.0,0.0
0.0150001049042,0.0,0.0,0.0
0.0,0.0,0.0,0.0
0.0,0.0,0.0,0.0
9.12599992752,0.0,0.0,0.0
11.4379999638,0.0,0.0,0.0
10.4850001335,0.0,0.0,0.0
8.57799983025,0.0,0.0,0.0
7.62600016594,0.0,0.0,0.0
5.56299996376,0.0,0.0,0.0
3.40599989891,0.0,0.0,0.0
2.57899999619,0.0,0.0,0.0
1.76600003242,0.0,0.0,0.0
1.43799996376,0.0,0.0,0.0
0.0,0.0,0.0,0.0
0.0,0.0,0.0,0.0
0.0,0.0,0.0,0.0
12.6010000706,0.0,0.0,0.0
10.8450000286,0.0,0.0,0.0
8.34399986267,0.0,0.0,0.0
9.67300009727,0.0,0.0,0.0
7.96900010109,0.0,0.0,0.0
4.39100003242,0.0,0.0,0.0
2.8599998951,0.0,0.0,0.0
2.71900010109,0.0,0.0,0.0
2.03200006485,0.0,0.0,0.0
1.95399999619,0.0,0.0,0.0
0.391000032425,0.0,0.0,0.0
0.0,0.0,0.0,0.0
0.0,0.0,0.0,0.0
11.9219999313,0.0,0.0,0.0
9.78200006485,0.0,0.0,0.0
9.21899986267,0.0,0.0,0.0
9.68799996376,0.0,0.0,0.0
7.70300006866,0.0,0.0,0.0
4.87599992752,0.0,0.0,0.0
3.42199993134,0.0,0.0,0.0
1.90600013733,0.0,0.0,0.0
1.875,0.0,0.0,0.0
0.31200003624,0.0,0.0,0.0
0.0160000324249,0.0,0.0,0.0
0.0,0.0,0.0,0.0
0.0,0.0,0.0,0.0
12.9720001221,0.0,0.0,0.0
11.5319998264,0.0,0.0,0.0
10.0010001659,0.0,0.0,0.0
8.26599979401,0.0,0.0,0.0
8.46900010109,0.0,0.0,0.0
3.79699993134,0.0,0.0,0.0
3.45300006866,0.0,0.0,0.0
3.875,0.0,0.0,0.0
1.84400010109,0.0,0.0,0.0
1.60900020599,0.0,0.0,0.0
0.25,0.0,0.0,0.0
0.0,0.0,0.0,0.0
0.0,0.0,0.0,0.0
11.3699998856,0.0,0.0,0.0
8.64100003242,0.0,0.0,0.0
10.0480000973,0.0,0.0,0.0
8.54699993134,0.0,0.0,0.0
8.07899999619,0.0,0.0,0.0
5.20799994469,0.0,0.0,0.0
3.70300006866,0.0,0.0,0.0
2.53200006485,0.0,0.0,0.0
1.40599989891,0.0,0.0,0.0
1.56200003624,0.0,0.0,0.0160000324249
0.280999898911,0.0,0.0,0.0
0.0,0.0,0.0,0.0
0.0,0.0,0.0,0.0
10.1419999599,0.0,0.0,0.0
11.5780000687,0.0,0.0,0.0
9.84500002861,0.0,0.0,0.0
8.56299996376,0.0,0.0,0.0
7.84400010109,0.0,0.0,0.0
4.95399999619,0.0,0.0,0.0
3.84399986267,0.0,0.0,0.0
2.84400010109,0.0,0.0,0.0
1.32800006866,0.0,0.0,0.0
1.84400010109,0.0,0.0,0.0
0.0150001049042,0.0,0.0,0.0
0.0,0.0,0.0,0.0
0.0,0.0,0.0,0.0
11.5480000973,0.0,0.0,0.0
10.7820000648,0.0,0.0,0.0
10.0789999962,0.0,0.0,0.0
8.875,0.0,0.0,0.0
8.15699982643,0.0,0.0,0.0
6.45300006866,0.0,0.0,0.0
3.20399999619,0.0,0.0,0.0
1.8900001049,0.0,0.0,0.0
1.53199982643,0.0,0.0,0.0
1.375,0.0,0.0,0.0
0.0160000324249,0.0,0.0,0.0
0.0,0.0,0.0,0.0
0.0,0.0,0.0,0.0
8.5,0.0,0.0,0.0
9.00099992752,0.0,0.0,0.0
10.3910000324,0.0,0.0,0.0
8.50100016594,0.0,0.0,0.0
4.89099979401,0.0,0.0,0.0
5.15700006485,0.0,0.0,0.0
3.90799999237,0.0,0.0,0.0
2.43799996376,0.0,0.0,0.0
1.81299996376,0.0,0.0,0.0
1.79700016975,0.0,0.0,0.0
0.0310001373291,0.0,0.0,0.0
0.0,0.0,0.0,0.0
0.0,0.0,0.0,0.0
12.8289999962,0.0,0.0,0.0
11.4539999962,0.0,0.0,0.0
9.84500002861,0.0,0.0,0.0
8.43799996376,0.0,0.0,0.0
7.125,0.0,0.0,0.0
4.90700006485,0.0,0.0,0.0
3.51600003242,0.0,0.0,0.0
2.78099989891,0.0,0.0,0.0
1.76600003242,0.0,0.0,0.0
2.53099989891,0.0,0.0,0.0
0.063000202179,0.0,0.0,0.0
0.0,0.0,0.0,0.0
0.0,0.0,0.0,0.0
12.6729998589,0.0,0.0,0.0
9.12599992752,0.0,0.0,0.0
9.39100003242,0.0,0.0,0.0
9.75099992752,0.0,0.0,0.0
7.68800020218,0.0,0.0,0.0
5.45299983025,0.0,0.0,0.0
3.92200016975,0.0,0.0,0.0
2.95399999619,0.0,0.0,0.0
2.18699979782,0.0,0.0,0.0
2.5150001049,0.0,0.0,0.0
0.125,0.0,0.0,0.0
0.0,0.0,0.0,0.0
0.0,0.0,0.0,0.0
13.2969999313,0.0,0.0,0.0
10.736000061,0.0,0.0,0.0
10.0780000687,0.0,0.0,0.0
9.96999979019,0.0,0.0,0.0
6.87599992752,0.0,0.0,0.0
4.71900010109,0.0,0.0,0.0
3.625,0.0,0.0,0.0
1.71899986267,0.0,0.0,0.0
1.57899999619,0.0,0.0,0.0
1.44099998474,0.0,0.0,0.0
0.566999912262,0.0,0.0,0.0
0.0,0.0,0.0,0.0
0.0,0.0,0.0,0.0
11.6410000324,0.0,0.0,0.0
10.2509999275,0.0,0.0,0.0
8.93799996376,0.0,0.0,0.0
6.78200006485,0.0,0.0,0.0
6.95899987221,0.0,0.0,0.0
5.18700003624,0.0,0.0,0.0
3.79800009727,0.0,0.0,0.0
3.06199979782,0.0,0.0,0.0
2.27600002289,0.0,0.0,0.0
1.83000016212,0.0,0.0,0.0
0.0,0.0,0.0,0.0
0.0,0.0,0.0,0.0
0.0,0.0,0.0,0.0
10.2660000324,0.0,0.0,0.0
10.2350001335,0.0,0.0,0.0
10.0629999638,0.0,0.0,0.0
8.79800009727,0.0,0.0,0.0
7.71899986267,0.0,0.0,0.0
6.76600003242,0.0,0.0,0.0
3.29700016975,0.0,0.0,0.0
2.17199993134,0.0,0.0,0.0
2.4849998951,0.0,0.0,0.0
1.56299996376,0.0,0.0,0.0
0.0309998989105,0.0,0.0,0.0
0.0,0.0,0.0,0.0
0.0,0.0,0.0,0.0
10.121999979,0.0,0.0,0.0
10.2039999962,0.0,0.0,0.0
9.36000013351,0.0,0.0,0.0
9.37599992752,0.0,0.0,0.0
6.68799996376,0.0,0.0,0.0
4.20300006866,0.0,0.0,0.0
3.04699993134,0.0,0.0,0.0
1.98399996758,0.0,0.0,0.0
1.625,0.0,0.0,0.0
1.90700006485,0.0,0.0,0.0
0.0310001373291,0.0,0.0,0.0
0.0,0.0,0.0,0.0
0.0,0.0,0.0,0.0
13.861000061,0.0,0.0,0.0
9.81299996376,0.0,0.0,0.0
10.6260001659,0.0,0.0,0.0
8.69999980927,0.0,0.0,0.0
7.875,0.0,0.0,0.0
6.34400010109,0.0,0.0,0.0
3.11000013351,0.0,0.0,0.0
3.04699993134,0.0,0.0,0.0
2.125,0.0,0.0,0.0
1.32800006866,0.0,0.0,0.0
0.0149998664856,0.0,0.0,0.0
0.0,0.0,0.0,0.0
0.0,0.0,0.0,0.0
11.5940001011,0.0,0.0,0.0
11.6730000973,0.0,0.0,0.0
8.68799996376,0.0,0.0,0.0
8.25099992752,0.0,0.0,0.0
7.43799996376,0.0,0.0,0.0
3.06299996376,0.0,0.0,0.0
4.81299996376,0.0,0.0,0.0
2.79699993134,0.0,0.0,0.0
1.65599989891,0.0,0.0,0.0
1.53100013733,0.0,0.0,0.0
0.0469999313354,0.0,0.0,0.0
0.0,0.0,0.0,0.0
0.0,0.0,0.0,0.0
9.23500013351,0.0,0.0,0.0
10.890999794,0.0,0.0,0.0
9.83100008965,0.0,0.0,0.0
8.89100003242,0.0,0.0,0.0
7.90700006485,0.0,0.0,0.0
4.81299996376,0.0,0.0,0.0
4.01600003242,0.0,0.0,0.0
3.0,0.0,0.0,0.0
1.68800020218,0.0,0.0,0.0
2.11000013351,0.0,0.0,0.0
0.0620000362396,0.0,0.0,0.0
0.0,0.0,0.0,0.0
0.0,0.0,0.0,0.0
10.8880000114,0.0,0.0,0.0
9.76699995995,0.0,0.0,0.0
10.8600001335,0.0,0.0,0.0
9.00099992752,0.0,0.0,0.0
7.3820002079,0.0,0.0,0.0
6.25,0.0,0.0,0.0
3.14100003242,0.0,0.0,0.0
3.125,0.0,0.0,0.0
2.375,0.0,0.0,0.0
1.78100013733,0.0,0.0,0.0
0.25,0.0,0.0,0.0
0.0,0.0,0.0,0.0
0.0,0.0,0.0,0.0
12.361000061,0.0,0.0,0.0
10.3440001011,0.0,0.0,0.0
8.20399999619,0.0,0.0,0.0
7.03199982643,0.0,0.0,0.0
6.375,0.0,0.0,0.0
4.36000013351,0.0,0.0,0.0
3.9849998951,0.0,0.0,0.0
2.3599998951,0.0,0.0,0.0
1.70300006866,0.0,0.0,0.0
2.32799983025,0.0,0.0,0.0
0.0,0.0,0.0,0.0
0.0,0.0,0.0,0.0
0.0,0.0,0.0,0.0
10.8440001011,0.0,0.0,0.0
10.4849998951,0.0,0.0,0.0
10.3759999275,0.0,0.0,0.0
8.90700006485,0.0,0.0,0.0
6.40599989891,0.0,0.0,0.0
5.37600016594,0.0,0.0,0.0
3.98399996758,0.0,0.0,0.0
3.46899986267,0.0,0.0,0.0
1.5,0.0,0.0,0.0
2.57800006866,0.0,0.0,0.0
0.0160000324249,0.0,0.0,0.0
0.0,0.0,0.0,0.0
0.0,0.0,0.0,0.0
8.86000013351,0.0,0.0,0.0
4.90699982643,0.0,0.0,0.0
8.03200006485,0.0,0.0,0.0
8.92199993134,0.0,0.0,0.0
8.17300009727,0.0,0.0,0.0
4.18800020218,0.0,0.0,0.0
3.32799983025,0.0,0.0,0.0
3.42200016975,0.0,0.0,0.0
1.32799983025,0.0,0.0,0.0
1.375,0.0,0.0,0.0
0.0930001735687,0.0,0.0,0.0
0.0,0.0,0.0,0.0
0.0,0.0,0.0,0.0
13.0950000286,0.0,0.0,0.0
10.5479998589,0.0,0.0,0.0
9.15600013733,0.0,0.0,0.0
9.43899989128,0.0,0.0,0.0
7.05200004578,0.0,0.0,0.0
3.625,0.0,0.0,0.0
2.90600013733,0.0,0.0,0.0
2.4849998951,0.0,0.0,0.0
1.67199993134,0.0,0.0,0.0
1.96899986267,0.0,0.0,0.0
0.0160000324249,0.0,0.0,0.0
0.0,0.0,0.0,0.0
0.0,0.0,0.0,0.0
13.1410000324,0.0,0.0,0.0
8.97000002861,0.0,0.0,0.0
10.3129999638,0.0,0.0,0.0
8.70399999619,0.0,0.0,0.0
8.57899999619,0.0,0.0,0.0
4.25,0.0,0.0,0.0
3.35899996758,0.0,0.0,0.0
2.95299983025,0.0,0.0,0.0
1.95300006866,0.0,0.0,0.0
2.20300006866,0.0,0.0,0.0
0.0940001010895,0.0,0.0,0.0
0.0,0.0,0.0,0.0
0.0,0.0,0.0,0.0
9.09399986267,0.0,0.0,0.0
10.2040002346,0.0,0.0,0.0
8.82899999619,0.0,0.0,0.0
6.01599979401,0.0,0.0,0.0
8.34400010109,0.0,0.0,0.0
5.32799983025,0.0,0.0,0.0
4.125,0.0,0.0,0.0
2.75100016594,0.0,0.0,0.0
1.71799993515,0.0,0.0,0.0
2.0,0.0,0.0,0.0
0.061999797821,0.0,0.0,0.0
0.0,0.0,0.0,0.0
0.0,0.0,0.0,0.0
10.9539999962,0.0,0.0,0.0
11.6569998264,0.0,0.0,0.0
8.86000013351,0.0,0.0,0.0
7.8599998951,0.0,0.0,0.0
6.5,0.0,0.0,0.0
4.70399999619,0.0,0.0,0.0
3.375,0.0,0.0,0.0
2.65700006485,0.0,0.0,0.0
1.68700003624,0.0,0.0,0.0
1.95299983025,0.0,0.0,0.0
0.109999895096,0.0,0.0,0.0
0.0,0.0,0.0,0.0
0.0,0.0,0.0,0.0
11.7730000019,0.0,0.0,0.0
11.2039999962,0.0,0.0,0.0
9.43799996376,0.0,0.0,0.0
8.53200006485,0.0,0.0,0.0
7.43799996376,0.0,0.0,0.0
4.46899986267,0.0,0.0,0.0
3.53200006485,0.0,0.0,0.0
2.96899986267,0.0,0.0,0.0
1.42199993134,0.0,0.0,0.0
1.79700016975,0.0,0.0,0.0
0.0160000324249,0.0,0.0,0.0
0.0,0.0,0.0,0.0
0.0,0.0,0.0,0.0
8.59600019455,0.0,0.0,0.0
8.375,0.0,0.0,0.0
8.17299985886,0.0,0.0,0.0
7.07800006866,0.0,0.0,0.0
7.84399986267,0.0,0.0,0.0
4.82899999619,0.0,0.0,0.0
3.21900010109,0.0,0.0,0.0
2.53199982643,0.0,0.0,0.0
1.98399996758,0.0,0.0,0.0
1.40600013733,0.0,0.0,0.0
0.0310001373291,0.0,0.0,0.0
0.0,0.0,0.0,0.0
0.0,0.0,0.0,0.0
9.76699995995,0.0,0.0,0.0
8.26700019836,0.0,0.0,0.0
8.01599979401,0.0,0.0,0.0
10.2350001335,0.0,0.0,0.0
7.68799996376,0.0,0.0,0.0
4.46900010109,0.0,0.0,0.0
3.17300009727,0.0,0.0,0.0
2.5,0.0,0.0,0.0
1.76600003242,0.0,0.0,0.0
2.43700003624,0.0,0.0,0.0
0.0160000324249,0.0,0.0,0.0
0.0,0.0,0.0,0.0
0.0,0.0,0.0,0.0
11.2039999962,0.0,0.0,0.0
10.7669999599,0.0,0.0,0.0
9.1099998951,0.0,0.0,0.0
7.20399999619,0.0,0.0,0.0
6.31300020218,0.0,0.0,0.0
6.21899986267,0.0,0.0,0.0
3.56299996376,0.0,0.0,0.0
2.18700003624,0.0,0.0,0.0
1.84399986267,0.0,0.0,0.0
1.25,0.0,0.0,0.0
0.34299993515,0.0,0.0,0.0
0.0,0.0,0.0,0.0
0.0,0.0,0.0,0.0
12.361000061,0.0,0.0,0.0
10.5940001011,0.0,0.0,0.0
9.57899999619,0.0,0.0,0.0
8.37599992752,0.0,0.0,0.0
7.45300006866,0.0,0.0,0.0
5.43799996376,0.0,0.0,0.0
3.56599998474,0.0,0.0,0.0
2.76600003242,0.0,0.0,0.0
1.68700003624,0.0,0.0,0.0
1.73699998856,0.0,0.0,0.0
0.0920000076294,0.0,0.0,0.0
0.0,0.0,0.0,0.0
0.0,0.0,0.0,0.0
8.76699995995,0.0,0.0,0.0
10.4219999313,0.0,0.0,0.0
10.1419999599,0.0,0.0,0.0
8.76600003242,0.0,0.0,0.0
7.20399999619,0.0,0.0,0.0
4.65699982643,0.0,0.0,0.0
3.67199993134,0.0,0.0,0.0
2.65700006485,0.0,0.0,0.0
1.81299996376,0.0,0.0,0.0
2.01600003242,0.0,0.0,0.0
0.0149998664856,0.0,0.0,0.0
0.0,0.0,0.0,0.0
0.0,0.0,0.0,0.0
9.14199995995,0.0,0.0,0.0
9.47899985313,0.0,0.0,0.0
10.1119999886,0.0,0.0,0.0
8.76699995995,0.0,0.0,0.0
7.26699995995,0.0,0.0,0.0
3.74300003052,0.0,0.0,0.0
3.39100003242,0.0,0.0,0.0
2.46899986267,0.0,0.0,0.0
1.71900010109,0.0,0.0,0.0
1.625,0.0,0.0,0.0
0.0,0.0,0.0,0.0
0.0,0.0,0.0,0.0
0.0,0.0,0.0,0.0
12.236000061,0.0,0.0,0.0
11.5629999638,0.0,0.0,0.0
9.40699982643,0.0,0.0,0.0
9.48500013351,0.0,0.0,0.0
9.12599992752,0.0,0.0,0.0
4.375,0.0,0.0,0.0
3.17200016975,0.0,0.0,0.0
2.21899986267,0.0,0.0,0.0
2.125,0.0,0.0,0.0
1.42199993134,0.0,0.0,0.0
0.0780000686646,0.0,0.0,0.0
0.0,0.0,0.0,0.0
0.0,0.0,0.0,0.0
14.486000061,0.0,0.0,0.0
9.73500013351,0.0,0.0,0.0
9.25999999046,0.0,0.0,0.0
8.46899986267,0.0,0.0,0.0
8.36000013351,0.0,0.0,0.0
5.28099989891,0.0,0.0,0.0
3.42300009727,0.0,0.0,0.0
1.82299995422,0.0,0.0,0.0
1.68799996376,0.0,0.0,0.0
1.57899999619,0.0,0.0,0.0
0.125,0.0,0.0,0.0
0.0,0.0,0.0,0.0
0.0,0.0,0.0,0.0
13.0009999275,0.0,0.0,0.0
12.0010001659,0.0,0.0,0.0
10.2349998951,0.0,0.0,0.0
8.0,0.0,0.0,0.0
5.95399999619,0.0,0.0,0.0
5.67199993134,0.0,0.0,0.0
4.1099998951,0.0,0.0,0.0
2.56299996376,0.0,0.0,0.0
1.51600003242,0.0,0.0,0.0
2.21900010109,0.0,0.0,0.0
0.0150001049042,0.0,0.0,0.0
0.0,0.0,0.0,0.0
0.0,0.0,0.0,0.0
9.18899989128,0.0,0.0,0.0
8.15600013733,0.0,0.0,0.0
8.78199982643,0.0,0.0,0.0
9.15700006485,0.0,0.0,0.0
6.42199993134,0.0,0.0,0.0
4.18799996376,0.0,0.0,0.0
3.0,0.0,0.0,0.0
2.34400010109,0.0,0.0,0.0
2.04699993134,0.0,0.0,0.0
1.67200016975,0.0,0.0,0.0
0.0469999313354,0.0,0.0,0.0
0.0,0.0,0.0,0.0
0.0,0.0,0.0,0.0
8.68799996376,0.0,0.0,0.0
12.0479998589,0.0,0.0,0.0
8.29700016975,0.0,0.0,0.0
7.46899986267,0.0,0.0,0.0
7.57899999619,0.0,0.0,0.0
5.04699993134,0.0,0.0,0.0
3.65700006485,0.0,0.0,0.0
2.54699993134,0.0,0.0,0.0
2.03100013733,0.0,0.0,0.0
1.56299996376,0.0,0.0,0.0
0.547000169754,0.0,0.0,0.0
0.0,0.0,0.0,0.0
0.0,0.0,0.0,0.0
